,year,doy,HLS1,PROBAV1000FAPAR1,PROBAV1000STD1,PROBAV1000QA1,HLS2,PROBAV1000FAPAR2,PROBAV1000STD2,PROBAV1000QA2,HLS3,PROBAV1000FAPAR3,PROBAV1000STD3,PROBAV1000QA3,HLS4,PROBAV1000FAPAR4,PROBAV1000STD4,PROBAV1000QA4,HLS5,PROBAV1000FAPAR5,PROBAV1000STD5,PROBAV1000QA5,HLS6,PROBAV1000FAPAR6,PROBAV1000STD6,PROBAV1000QA6,HLS7,PROBAV1000FAPAR7,PROBAV1000STD7,PROBAV1000QA7,HLS8,PROBAV1000FAPAR8,PROBAV1000STD8,PROBAV1000QA8,HLS9,PROBAV1000FAPAR9,PROBAV1000STD9,PROBAV1000QA9,HLS10,PROBAV1000FAPAR10,PROBAV1000STD10,PROBAV1000QA10,HLS11,PROBAV1000FAPAR11,PROBAV1000STD11,PROBAV1000QA11,HLS12,PROBAV1000FAPAR12,PROBAV1000STD12,PROBAV1000QA12,HLS13,PROBAV1000FAPAR13,PROBAV1000STD13,PROBAV1000QA13,HLS14,PROBAV1000FAPAR14,PROBAV1000STD14,PROBAV1000QA14,HLS15,PROBAV1000FAPAR15,PROBAV1000STD15,PROBAV1000QA15,HLS16,PROBAV1000FAPAR16,PROBAV1000STD16,PROBAV1000QA16,HLS17,PROBAV1000FAPAR17,PROBAV1000STD17,PROBAV1000QA17,HLS18,PROBAV1000FAPAR18,PROBAV1000STD18,PROBAV1000QA18,HLS19,PROBAV1000FAPAR19,PROBAV1000STD19,PROBAV1000QA19,HLS20,PROBAV1000FAPAR20,PROBAV1000STD20,PROBAV1000QA20,HLS21,PROBAV1000FAPAR21,PROBAV1000STD21,PROBAV1000QA21,HLS22,PROBAV1000FAPAR22,PROBAV1000STD22,PROBAV1000QA22,HLS23,PROBAV1000FAPAR23,PROBAV1000STD23,PROBAV1000QA23,HLS24,PROBAV1000FAPAR24,PROBAV1000STD24,PROBAV1000QA24,HLS25,PROBAV1000FAPAR25,PROBAV1000STD25,PROBAV1000QA25,HLS26,PROBAV1000FAPAR26,PROBAV1000STD26,PROBAV1000QA26,HLS27,PROBAV1000FAPAR27,PROBAV1000STD27,PROBAV1000QA27,HLS28,PROBAV1000FAPAR28,PROBAV1000STD28,PROBAV1000QA28,HLS29,PROBAV1000FAPAR29,PROBAV1000STD29,PROBAV1000QA29,HLS30,PROBAV1000FAPAR30,PROBAV1000STD30,PROBAV1000QA30,HLS31,PROBAV1000FAPAR31,PROBAV1000STD31,PROBAV1000QA31,HLS32,PROBAV1000FAPAR32,PROBAV1000STD32,PROBAV1000QA32,HLS33,PROBAV1000FAPAR33,PROBAV1000STD33,PROBAV1000QA33,HLS34,PROBAV1000FAPAR34,PROBAV1000STD34,PROBAV1000QA34,HLS35,PROBAV1000FAPAR35,PROBAV1000STD35,PROBAV1000QA35
0,2014,10,-1.0,-1,-1.0,-1,-1.0,-1,-1.0,-1,-1.0,-1,-1.0,-1,-1.0,-1,-1.0,-1,-1.0,-1,-1.0,-1,-1.0,-1,-1.0,-1,-1.0,-1,-1.0,-1,-1.0,-1,-1.0,-1,-1.0,-1.0,-1.0,-1,-1.0,-1.0,-1.0,-1,-1.0,-1,-1.0,-1,-1.0,-1.0,-1.0,-1,-1.0,-1.0,-1.0,-1,-1.0,-1,-1.0,-1,-1.0,-1,-1.0,-1,-1.0,-1.0,-1.0,-1,-1.0,-1.0,-1.0,-1,-1.0,-1.0,-1.0,-1,-1.0,-1.0,-1.0,-1,-1.0,-1.0,-1.0,-1,-1.0,-1,-1.0,-1,-1.0,-1,-1.0,-1,-1.0,-1,-1.0,-1,-1.0,-1.0,-1.0,-1,-1.0,-1.0,-1.0,-1,-1,-1,-1,-1,-1.0,-1,-1.0,-1,-1,-1,-1,-1,-1.0,-1,-1.0,-1,-1.0,-1,-1.0,-1,-1.0,-1,-1.0,-1,-1.0,-1,-1.0,-1,-1,-1,-1,-1,-1,-1,-1,-1,-1,-1,-1,-1
1,2014,41,-1.0,-1,-1.0,-1,-1.0,-1,-1.0,-1,-1.0,-1,-1.0,-1,-1.0,-1,-1.0,-1,-1.0,-1,-1.0,-1,-1.0,-1,-1.0,-1,-1.0,-1,-1.0,-1,-1.0,-1,-1.0,-1,-1.0,-1.0,-1.0,-1,-1.0,-1.0,-1.0,-1,-1.0,-1,-1.0,-1,-1.0,-1.0,-1.0,-1,-1.0,-1.0,-1.0,-1,-1.0,-1,-1.0,-1,-1.0,-1,-1.0,-1,-1.0,-1.0,-1.0,-1,-1.0,-1.0,-1.0,-1,-1.0,-1.0,-1.0,-1,-1.0,-1.0,-1.0,-1,-1.0,-1.0,-1.0,-1,-1.0,-1,-1.0,-1,-1.0,-1,-1.0,-1,-1.0,-1,-1.0,-1,-1.0,-1.0,-1.0,-1,-1.0,-1.0,-1.0,-1,-1,-1,-1,-1,-1.0,-1,-1.0,-1,-1,-1,-1,-1,-1.0,-1,-1.0,-1,-1.0,-1,-1.0,-1,-1.0,-1,-1.0,-1,-1.0,-1,-1.0,-1,-1,-1,-1,-1,-1,-1,-1,-1,-1,-1,-1,-1
2,2014,110,-1.0,-1,-1.0,-1,-1.0,-1,-1.0,-1,-1.0,-1,-1.0,-1,-1.0,-1,-1.0,-1,-1.0,-1,-1.0,-1,-1.0,-1,-1.0,-1,-1.0,-1,-1.0,-1,-1.0,-1,-1.0,-1,-1.0,-1.0,-1.0,-1,-1.0,-1.0,-1.0,-1,-1.0,-1,-1.0,-1,-1.0,-1.0,-1.0,-1,-1.0,-1.0,-1.0,-1,-1.0,-1,-1.0,-1,-1.0,-1,-1.0,-1,-1.0,-1.0,-1.0,-1,-1.0,-1.0,-1.0,-1,-1.0,-1.0,-1.0,-1,-1.0,-1.0,-1.0,-1,-1.0,-1.0,-1.0,-1,-1.0,-1,-1.0,-1,-1.0,-1,-1.0,-1,-1.0,-1,-1.0,-1,-1.0,-1.0,-1.0,-1,-1.0,-1.0,-1.0,-1,-1,-1,-1,-1,-1.0,-1,-1.0,-1,-1,-1,-1,-1,-1.0,-1,-1.0,-1,-1.0,-1,-1.0,-1,-1.0,-1,-1.0,-1,-1.0,-1,-1.0,-1,-1,-1,-1,-1,-1,-1,-1,-1,-1,-1,-1,-1
3,2014,171,-1.0,-1,-1.0,-1,-1.0,-1,-1.0,-1,-1.0,-1,-1.0,-1,-1.0,-1,-1.0,-1,0.7911568572976251,-1,1.02,1,0.8554728105297229,-1,1.02,1,-1.0,-1,-1.0,-1,-1.0,-1,-1.0,-1,-1.0,-1.0,-1.0,-1,-1.0,-1.0,-1.0,-1,-1.0,-1,-1.0,-1,-1.0,-1.0,-1.0,-1,0.8610871508717537,0.864,0.076,1,0.7379925571051724,-1,1.02,1,-1.0,-1,-1.0,-1,-1.0,-1.0,-1.0,-1,-1.0,-1.0,-1.0,-1,-1.0,-1.0,-1.0,-1,-1.0,-1.0,-1.0,-1,-1.0,-1.0,-1.0,-1,-1.0,-1,-1.0,-1,-1.0,-1,-1.0,-1,-1.0,-1,-1.0,-1,-1.0,-1.0,-1.0,-1,-1.0,-1.0,-1.0,-1,-1,-1,-1,-1,-1.0,-1,-1.0,-1,-1,-1,-1,-1,-1.0,-1,-1.0,-1,-1.0,-1,-1.0,-1,-1.0,-1,-1.0,-1,-1.0,-1,-1.0,-1,-1,-1,-1,-1,-1,-1,-1,-1,-1,-1,-1,-1
4,2014,191,-1.0,-1,-1.0,-1,-1.0,-1,-1.0,-1,-1.0,-1,-1.0,-1,-1.0,-1,-1.0,-1,-1.0,-1,-1.0,-1,-1.0,-1,-1.0,-1,-1.0,-1,-1.0,-1,-1.0,-1,-1.0,-1,-1.0,-1.0,-1.0,-1,0.8801235866789915,0.892,0.092,1,-1.0,-1,-1.0,-1,-1.0,-1.0,-1.0,-1,-1.0,-1.0,-1.0,-1,-1.0,-1,-1.0,-1,-1.0,-1,-1.0,-1,-1.0,-1.0,-1.0,-1,-1.0,-1.0,-1.0,-1,-1.0,-1.0,-1.0,-1,-1.0,-1.0,-1.0,-1,-1.0,-1.0,-1.0,-1,-1.0,-1,-1.0,-1,-1.0,-1,-1.0,-1,-1.0,-1,-1.0,-1,-1.0,-1.0,-1.0,-1,-1.0,-1.0,-1.0,-1,-1,-1,-1,-1,0.9343897700309753,-1,1.02,1,-1,-1,-1,-1,-1.0,-1,-1.0,-1,-1.0,-1,-1.0,-1,-1.0,-1,-1.0,-1,-1.0,-1,-1.0,-1,-1,-1,-1,-1,-1,-1,-1,-1,-1,-1,-1,-1
5,2014,201,-1.0,-1,-1.0,-1,-1.0,-1,-1.0,-1,-1.0,-1,-1.0,-1,-1.0,-1,-1.0,-1,-1.0,-1,-1.0,-1,-1.0,-1,-1.0,-1,-1.0,-1,-1.0,-1,-1.0,-1,-1.0,-1,-1.0,-1.0,-1.0,-1,-1.0,-1.0,-1.0,-1,-1.0,-1,-1.0,-1,-1.0,-1.0,-1.0,-1,-1.0,-1.0,-1.0,-1,-1.0,-1,-1.0,-1,-1.0,-1,-1.0,-1,-1.0,-1.0,-1.0,-1,-1.0,-1.0,-1.0,-1,-1.0,-1.0,-1.0,-1,-1.0,-1.0,-1.0,-1,-1.0,-1.0,-1.0,-1,-1.0,-1,-1.0,-1,-1.0,-1,-1.0,-1,-1.0,-1,-1.0,-1,-1.0,-1.0,-1.0,-1,-1.0,-1.0,-1.0,-1,-1,-1,-1,-1,-1.0,-1,-1.0,-1,-1,-1,-1,-1,-1.0,-1,-1.0,-1,-1.0,-1,-1.0,-1,-1.0,-1,-1.0,-1,-1.0,-1,-1.0,-1,-1,-1,-1,-1,-1,-1,-1,-1,-1,-1,-1,-1
6,2014,222,-1.0,-1,-1.0,-1,-1.0,-1,-1.0,-1,-1.0,-1,-1.0,-1,-1.0,-1,-1.0,-1,-1.0,-1,-1.0,-1,-1.0,-1,-1.0,-1,-1.0,-1,-1.0,-1,-1.0,-1,-1.0,-1,-1.0,-1.0,-1.0,-1,-1.0,-1.0,-1.0,-1,-1.0,-1,-1.0,-1,-1.0,-1.0,-1.0,-1,-1.0,-1.0,-1.0,-1,-1.0,-1,-1.0,-1,-1.0,-1,-1.0,-1,-1.0,-1.0,-1.0,-1,-1.0,-1.0,-1.0,-1,-1.0,-1.0,-1.0,-1,-1.0,-1.0,-1.0,-1,-1.0,-1.0,-1.0,-1,-1.0,-1,-1.0,-1,-1.0,-1,-1.0,-1,-1.0,-1,-1.0,-1,-1.0,-1.0,-1.0,-1,-1.0,-1.0,-1.0,-1,-1,-1,-1,-1,-1.0,-1,-1.0,-1,-1,-1,-1,-1,-1.0,-1,-1.0,-1,-1.0,-1,-1.0,-1,-1.0,-1,-1.0,-1,-1.0,-1,-1.0,-1,-1,-1,-1,-1,-1,-1,-1,-1,-1,-1,-1,-1
7,2014,232,0.911540672403251,-1,1.02,1,-1.0,-1,-1.0,-1,-1.0,-1,-1.0,-1,-1.0,-1,-1.0,-1,0.8623563568880774,-1,1.02,1,0.944710705080643,-1,1.02,1,0.8080406343469155,-1,1.02,1,0.8369220117373126,-1,1.02,1,0.9499497413635254,0.936,0.02,1,0.9045055262288269,0.92,0.036,1,0.8981720966658568,-1,1.02,1,0.9232163627777384,0.928,0.04,1,0.9360915817776505,0.94,0.056,1,0.9281343844136581,-1,1.02,1,0.9170890729415593,-1,1.02,1,0.946506917476654,0.94,0.04,1,0.9341174593112739,0.932,0.024,3,0.9229729960846419,0.928,0.02,3,0.8777570781367439,0.928,0.02,1,-1.0,-1.0,-1.0,-1,0.8350945657271976,-1,1.02,1,-1.0,-1,-1.0,-1,0.8275580661333699,-1,1.02,1,0.856327923060638,0.788,0.056,1,0.9364669919013977,0.892,0.04,1,-1,-1,-1,-1,0.9440023303031921,-1,1.02,1,-1,-1,-1,-1,0.8321600276596692,-1,1.02,1,0.784677945848169,-1,1.02,1,-1.0,-1,-1.0,-1,-1.0,-1,-1.0,-1,-1,-1,-1,-1,-1,-1,-1,-1,-1,-1,-1,-1
8,2014,253,0.9216957794034423,-1,1.02,1,0.8335503898250929,-1,1.02,1,0.8670854003264986,-1,1.02,1,0.8982926180473264,-1,1.02,1,0.9123385176241828,-1,1.02,1,0.9509420990943909,-1,1.02,1,0.8757401643128231,-1,1.02,1,-1.0,-1,-1.0,-1,0.9537606239318848,0.928,0.036,1,-1.0,-1.0,-1.0,-1,0.9184851435017704,-1,1.02,1,0.9186800852714979,0.868,0.064,1,0.9359064115857592,0.92,0.056,1,0.926908766988463,-1,1.02,1,0.9115690737962723,-1,1.02,1,0.9516552090644836,0.92,0.024,1,0.9328617262722824,0.924,0.064,1,0.9324054418931251,0.924,0.028,1,0.9062658553134946,0.916,0.04,1,-1.0,-1.0,-1.0,-1,0.883918821811676,-1,1.02,1,-1.0,-1,-1.0,-1,-1.0,-1,-1.0,-1,0.8445212112858965,0.684,0.08,1,0.9181212570947926,0.86,0.048,1,-1,-1,-1,-1,0.9488422870635986,-1,1.02,1,-1,-1,-1,-1,0.775532179949235,-1,1.02,1,0.8385091754309649,-1,1.02,1,0.836882680730552,-1,1.02,1,-1.0,-1,-1.0,-1,-1,-1,-1,-1,-1,-1,-1,-1,-1,-1,-1,-1
9,2014,263,-1.0,-1,-1.0,-1,-1.0,-1,-1.0,-1,-1.0,-1,-1.0,-1,-1.0,-1,-1.0,-1,-1.0,-1,-1.0,-1,-1.0,-1,-1.0,-1,-1.0,-1,-1.0,-1,-1.0,-1,-1.0,-1,-1.0,-1.0,-1.0,-1,-1.0,-1.0,-1.0,-1,-1.0,-1,-1.0,-1,-1.0,-1.0,-1.0,-1,-1.0,-1.0,-1.0,-1,-1.0,-1,-1.0,-1,-1.0,-1,-1.0,-1,-1.0,-1.0,-1.0,-1,-1.0,-1.0,-1.0,-1,-1.0,-1.0,-1.0,-1,-1.0,-1.0,-1.0,-1,-1.0,-1.0,-1.0,-1,-1.0,-1,-1.0,-1,-1.0,-1,-1.0,-1,-1.0,-1,-1.0,-1,-1.0,-1.0,-1.0,-1,-1.0,-1.0,-1.0,-1,-1,-1,-1,-1,-1.0,-1,-1.0,-1,-1,-1,-1,-1,-1.0,-1,-1.0,-1,-1.0,-1,-1.0,-1,-1.0,-1,-1.0,-1,-1.0,-1,-1.0,-1,-1,-1,-1,-1,-1,-1,-1,-1,-1,-1,-1,-1
10,2014,283,-1.0,-1,-1.0,-1,-1.0,-1,-1.0,-1,-1.0,-1,-1.0,-1,-1.0,-1,-1.0,-1,-1.0,-1,-1.0,-1,-1.0,-1,-1.0,-1,0.7818292791863259,-1,1.02,1,-1.0,-1,-1.0,-1,-1.0,-1.0,-1.0,-1,-1.0,-1.0,-1.0,-1,-1.0,-1,-1.0,-1,-1.0,-1.0,-1.0,-1,0.8917104071956508,0.684,0.164,1,-1.0,-1,-1.0,-1,-1.0,-1,-1.0,-1,-1.0,-1.0,-1.0,-1,-1.0,-1.0,-1.0,-1,-1.0,-1.0,-1.0,-1,-1.0,-1.0,-1.0,-1,-1.0,-1.0,-1.0,-1,-1.0,-1,-1.0,-1,-1.0,-1,-1.0,-1,-1.0,-1,-1.0,-1,-1.0,-1.0,-1.0,-1,-1.0,-1.0,-1.0,-1,-1,-1,-1,-1,0.9480792284011841,-1,1.02,1,-1,-1,-1,-1,-1.0,-1,-1.0,-1,-1.0,-1,-1.0,-1,-1.0,-1,-1.0,-1,0.8375284894933841,-1,1.02,1,-1,-1,-1,-1,-1,-1,-1,-1,-1,-1,-1,-1
11,2014,314,-1.0,-1,-1.0,-1,-1.0,-1,-1.0,-1,-1.0,-1,-1.0,-1,-1.0,-1,-1.0,-1,-1.0,-1,-1.0,-1,-1.0,-1,-1.0,-1,-1.0,-1,-1.0,-1,-1.0,-1,-1.0,-1,-1.0,-1.0,-1.0,-1,-1.0,-1.0,-1.0,-1,-1.0,-1,-1.0,-1,-1.0,-1.0,-1.0,-1,-1.0,-1.0,-1.0,-1,-1.0,-1,-1.0,-1,-1.0,-1,-1.0,-1,-1.0,-1.0,-1.0,-1,-1.0,-1.0,-1.0,-1,-1.0,-1.0,-1.0,-1,-1.0,-1.0,-1.0,-1,-1.0,-1.0,-1.0,-1,-1.0,-1,-1.0,-1,-1.0,-1,-1.0,-1,-1.0,-1,-1.0,-1,-1.0,-1.0,-1.0,-1,-1.0,-1.0,-1.0,-1,-1,-1,-1,-1,-1.0,-1,-1.0,-1,-1,-1,-1,-1,-1.0,-1,-1.0,-1,-1.0,-1,-1.0,-1,-1.0,-1,-1.0,-1,-1.0,-1,-1.0,-1,-1,-1,-1,-1,-1,-1,-1,-1,-1,-1,-1,-1
12,2014,344,-1.0,-1,-1.0,-1,-1.0,-1,-1.0,-1,-1.0,-1,-1.0,-1,-1.0,-1,-1.0,-1,-1.0,-1,-1.0,-1,-1.0,-1,-1.0,-1,-1.0,-1,-1.0,-1,-1.0,-1,-1.0,-1,-1.0,-1.0,-1.0,-1,-1.0,-1.0,-1.0,-1,-1.0,-1,-1.0,-1,-1.0,-1.0,-1.0,-1,-1.0,-1.0,-1.0,-1,-1.0,-1,-1.0,-1,-1.0,-1,-1.0,-1,-1.0,-1.0,-1.0,-1,-1.0,-1.0,-1.0,-1,-1.0,-1.0,-1.0,-1,-1.0,-1.0,-1.0,-1,-1.0,-1.0,-1.0,-1,-1.0,-1,-1.0,-1,-1.0,-1,-1.0,-1,-1.0,-1,-1.0,-1,-1.0,-1.0,-1.0,-1,-1.0,-1.0,-1.0,-1,-1,-1,-1,-1,-1.0,-1,-1.0,-1,-1,-1,-1,-1,-1.0,-1,-1.0,-1,-1.0,-1,-1.0,-1,-1.0,-1,-1.0,-1,-1.0,-1,-1.0,-1,-1,-1,-1,-1,-1,-1,-1,-1,-1,-1,-1,-1
13,2015,10,-1.0,-1,-1.0,-1,-1.0,-1,-1.0,-1,-1.0,-1,-1.0,-1,-1.0,-1,-1.0,-1,-1.0,-1,-1.0,-1,-1.0,-1,-1.0,-1,-1.0,-1,-1.0,-1,-1.0,-1,-1.0,-1,-1.0,-1.0,-1.0,-1,-1.0,-1.0,-1.0,-1,-1.0,-1,-1.0,-1,-1.0,-1.0,-1.0,-1,-1.0,-1.0,-1.0,-1,-1.0,-1,-1.0,-1,-1.0,-1,-1.0,-1,-1.0,-1.0,-1.0,-1,-1.0,-1.0,-1.0,-1,-1.0,-1.0,-1.0,-1,-1.0,-1.0,-1.0,-1,-1.0,-1.0,-1.0,-1,-1.0,-1,-1.0,-1,-1.0,-1,-1.0,-1,-1.0,-1,-1.0,-1,-1.0,-1.0,-1.0,-1,-1.0,-1.0,-1.0,-1,-1,-1,-1,-1,-1.0,-1,-1.0,-1,-1,-1,-1,-1,-1.0,-1,-1.0,-1,-1.0,-1,-1.0,-1,-1.0,-1,-1.0,-1,-1.0,-1,-1.0,-1,-1,-1,-1,-1,-1,-1,-1,-1,-1,-1,-1,-1
14,2015,110,-1.0,-1,-1.0,-1,-1.0,-1,-1.0,-1,-1.0,-1,-1.0,-1,-1.0,-1,-1.0,-1,-1.0,-1,-1.0,-1,-1.0,-1,-1.0,-1,-1.0,-1,-1.0,-1,-1.0,-1,-1.0,-1,-1.0,-1.0,-1.0,-1,-1.0,-1.0,-1.0,-1,-1.0,-1,-1.0,-1,-1.0,-1.0,-1.0,-1,-1.0,-1.0,-1.0,-1,-1.0,-1,-1.0,-1,-1.0,-1,-1.0,-1,-1.0,-1.0,-1.0,-1,-1.0,-1.0,-1.0,-1,-1.0,-1.0,-1.0,-1,-1.0,-1.0,-1.0,-1,-1.0,-1.0,-1.0,-1,-1.0,-1,-1.0,-1,-1.0,-1,-1.0,-1,-1.0,-1,-1.0,-1,-1.0,-1.0,-1.0,-1,-1.0,-1.0,-1.0,-1,-1,-1,-1,-1,-1.0,-1,-1.0,-1,-1,-1,-1,-1,-1.0,-1,-1.0,-1,-1.0,-1,-1.0,-1,-1.0,-1,-1.0,-1,-1.0,-1,-1.0,-1,-1,-1,-1,-1,-1,-1,-1,-1,-1,-1,-1,-1
15,2015,130,-1.0,-1,-1.0,-1,-1.0,-1,-1.0,-1,-1.0,-1,-1.0,-1,-1.0,-1,-1.0,-1,-1.0,-1,-1.0,-1,-1.0,-1,-1.0,-1,-1.0,-1,-1.0,-1,-1.0,-1,-1.0,-1,-1.0,-1.0,-1.0,-1,-1.0,-1.0,-1.0,-1,-1.0,-1,-1.0,-1,-1.0,-1.0,-1.0,-1,-1.0,-1.0,-1.0,-1,-1.0,-1,-1.0,-1,-1.0,-1,-1.0,-1,-1.0,-1.0,-1.0,-1,-1.0,-1.0,-1.0,-1,-1.0,-1.0,-1.0,-1,-1.0,-1.0,-1.0,-1,-1.0,-1.0,-1.0,-1,-1.0,-1,-1.0,-1,-1.0,-1,-1.0,-1,-1.0,-1,-1.0,-1,-1.0,-1.0,-1.0,-1,-1.0,-1.0,-1.0,-1,-1,-1,-1,-1,-1.0,-1,-1.0,-1,-1,-1,-1,-1,-1.0,-1,-1.0,-1,-1.0,-1,-1.0,-1,-1.0,-1,-1.0,-1,-1.0,-1,-1.0,-1,-1,-1,-1,-1,-1,-1,-1,-1,-1,-1,-1,-1
16,2015,140,-1.0,-1,-1.0,-1,-1.0,-1,-1.0,-1,-1.0,-1,-1.0,-1,-1.0,-1,-1.0,-1,-1.0,-1,-1.0,-1,-1.0,-1,-1.0,-1,-1.0,-1,-1.0,-1,-1.0,-1,-1.0,-1,-1.0,-1.0,-1.0,-1,-1.0,-1.0,-1.0,-1,-1.0,-1,-1.0,-1,-1.0,-1.0,-1.0,-1,-1.0,-1.0,-1.0,-1,-1.0,-1,-1.0,-1,-1.0,-1,-1.0,-1,-1.0,-1.0,-1.0,-1,-1.0,-1.0,-1.0,-1,-1.0,-1.0,-1.0,-1,-1.0,-1.0,-1.0,-1,-1.0,-1.0,-1.0,-1,-1.0,-1,-1.0,-1,-1.0,-1,-1.0,-1,-1.0,-1,-1.0,-1,-1.0,-1.0,-1.0,-1,-1.0,-1.0,-1.0,-1,-1,-1,-1,-1,-1.0,-1,-1.0,-1,-1,-1,-1,-1,-1.0,-1,-1.0,-1,-1.0,-1,-1.0,-1,-1.0,-1,-1.0,-1,-1.0,-1,-1.0,-1,-1,-1,-1,-1,-1,-1,-1,-1,-1,-1,-1,-1
17,2015,161,-1.0,-1,-1.0,-1,-1.0,-1,-1.0,-1,-1.0,-1,-1.0,-1,-1.0,-1,-1.0,-1,-1.0,-1,-1.0,-1,0.8561061520881841,-1,1.02,1,0.8763987846521929,-1,1.02,1,-1.0,-1,-1.0,-1,-1.0,-1.0,-1.0,-1,0.8551696547288068,0.732,0.112,1,-1.0,-1,-1.0,-1,-1.0,-1.0,-1.0,-1,-1.0,-1.0,-1.0,-1,-1.0,-1,-1.0,-1,-1.0,-1,-1.0,-1,0.857775839273768,0.908,0.056,1,0.8973627686500549,0.908,0.164,1,0.9014186968276107,0.912,0.052,1,-1.0,-1.0,-1.0,-1,-1.0,-1.0,-1.0,-1,-1.0,-1,-1.0,-1,-1.0,-1,-1.0,-1,-1.0,-1,-1.0,-1,0.8340890024389539,0.66,0.076,1,0.8845378811095755,0.812,0.092,1,-1,-1,-1,-1,0.9216194152832031,-1,1.02,1,-1,-1,-1,-1,-1.0,-1,-1.0,-1,-1.0,-1,-1.0,-1,-1.0,-1,-1.0,-1,-1.0,-1,-1.0,-1,-1,-1,-1,-1,-1,-1,-1,-1,-1,-1,-1,-1
18,2015,171,-1.0,-1,-1.0,-1,-1.0,-1,-1.0,-1,-1.0,-1,-1.0,-1,-1.0,-1,-1.0,-1,-1.0,-1,-1.0,-1,-1.0,-1,-1.0,-1,-1.0,-1,-1.0,-1,-1.0,-1,-1.0,-1,-1.0,-1.0,-1.0,-1,-1.0,-1.0,-1.0,-1,-1.0,-1,-1.0,-1,-1.0,-1.0,-1.0,-1,-1.0,-1.0,-1.0,-1,-1.0,-1,-1.0,-1,-1.0,-1,-1.0,-1,-1.0,-1.0,-1.0,-1,-1.0,-1.0,-1.0,-1,-1.0,-1.0,-1.0,-1,-1.0,-1.0,-1.0,-1,-1.0,-1.0,-1.0,-1,-1.0,-1,-1.0,-1,-1.0,-1,-1.0,-1,-1.0,-1,-1.0,-1,-1.0,-1.0,-1.0,-1,-1.0,-1.0,-1.0,-1,-1,-1,-1,-1,-1.0,-1,-1.0,-1,-1,-1,-1,-1,-1.0,-1,-1.0,-1,-1.0,-1,-1.0,-1,-1.0,-1,-1.0,-1,-1.0,-1,-1.0,-1,-1,-1,-1,-1,-1,-1,-1,-1,-1,-1,-1,-1
19,2015,191,-1.0,-1,-1.0,-1,-1.0,-1,-1.0,-1,-1.0,-1,-1.0,-1,-1.0,-1,-1.0,-1,-1.0,-1,-1.0,-1,-1.0,-1,-1.0,-1,-1.0,-1,-1.0,-1,-1.0,-1,-1.0,-1,-1.0,-1.0,-1.0,-1,-1.0,-1.0,-1.0,-1,-1.0,-1,-1.0,-1,-1.0,-1.0,-1.0,-1,-1.0,-1.0,-1.0,-1,-1.0,-1,-1.0,-1,-1.0,-1,-1.0,-1,-1.0,-1.0,-1.0,-1,-1.0,-1.0,-1.0,-1,-1.0,-1.0,-1.0,-1,-1.0,-1.0,-1.0,-1,-1.0,-1.0,-1.0,-1,-1.0,-1,-1.0,-1,-1.0,-1,-1.0,-1,-1.0,-1,-1.0,-1,-1.0,-1.0,-1.0,-1,-1.0,-1.0,-1.0,-1,-1,-1,-1,-1,-1.0,-1,-1.0,-1,-1,-1,-1,-1,-1.0,-1,-1.0,-1,-1.0,-1,-1.0,-1,-1.0,-1,-1.0,-1,-1.0,-1,-1.0,-1,-1,-1,-1,-1,-1,-1,-1,-1,-1,-1,-1,-1
20,2015,222,-1.0,-1,-1.0,-1,-1.0,-1,-1.0,-1,-1.0,-1,-1.0,-1,0.883172821913548,-1,1.02,1,-1.0,-1,-1.0,-1,-1.0,-1,-1.0,-1,0.7651704398120059,-1,1.02,1,-1.0,-1,-1.0,-1,-1.0,-1.0,-1.0,-1,-1.0,-1.0,-1.0,-1,-1.0,-1,-1.0,-1,-1.0,-1.0,-1.0,-1,0.8972029638077531,0.896,0.056,1,0.9182704428733863,-1,1.02,1,-1.0,-1,-1.0,-1,-1.0,-1.0,-1.0,-1,-1.0,-1.0,-1.0,-1,-1.0,-1.0,-1.0,-1,-1.0,-1.0,-1.0,-1,-1.0,-1.0,-1.0,-1,-1.0,-1,-1.0,-1,-1.0,-1,-1.0,-1,-1.0,-1,-1.0,-1,-1.0,-1.0,-1.0,-1,-1.0,-1.0,-1.0,-1,-1,-1,-1,-1,-1.0,-1,-1.0,-1,-1,-1,-1,-1,0.8754679560661316,-1,1.02,1,-1.0,-1,-1.0,-1,-1.0,-1,-1.0,-1,-1.0,-1,-1.0,-1,-1,-1,-1,-1,-1,-1,-1,-1,-1,-1,-1,-1
21,2015,253,-1.0,-1,-1.0,-1,-1.0,-1,-1.0,-1,-1.0,-1,-1.0,-1,0.8680933966222756,-1,1.02,1,-1.0,-1,-1.0,-1,0.9137190167099384,-1,1.02,1,-1.0,-1,-1.0,-1,-1.0,-1,-1.0,-1,0.9473689198493958,0.82,0.06,1,-1.0,-1.0,-1.0,-1,0.8782438825210327,-1,1.02,1,0.8679307623955103,0.804,0.056,1,-1.0,-1.0,-1.0,-1,0.8487326327362671,-1,1.02,1,0.8940942883491516,-1,1.02,1,0.9407501816749573,0.92,0.044,1,-1.0,-1.0,-1.0,-1,-1.0,-1.0,-1.0,-1,-1.0,-1.0,-1.0,-1,-1.0,-1.0,-1.0,-1,-1.0,-1,-1.0,-1,0.8022646108284373,-1,1.02,1,-1.0,-1,-1.0,-1,-1.0,-1.0,-1.0,-1,-1.0,-1.0,-1.0,-1,-1,-1,-1,-1,-1.0,-1,-1.0,-1,-1,-1,-1,-1,-1.0,-1,-1.0,-1,0.8700038177039235,-1,1.02,1,-1.0,-1,-1.0,-1,-1.0,-1,-1.0,-1,-1,-1,-1,-1,-1,-1,-1,-1,-1,-1,-1,-1
22,2015,273,0.8634843661867339,-1,1.02,1,-1.0,-1,-1.0,-1,-1.0,-1,-1.0,-1,0.7907844097237241,-1,1.02,1,-1.0,-1,-1.0,-1,0.9288344979286194,-1,1.02,1,-1.0,-1,-1.0,-1,0.7700762350340279,-1,1.02,1,0.9507425427436829,0.716,0.116,1,0.8852089211648825,0.688,0.08,1,0.883601154306252,-1,1.02,1,-1.0,-1.0,-1.0,-1,-1.0,-1.0,-1.0,-1,-1.0,-1,-1.0,-1,-1.0,-1,-1.0,-1,0.9292073174690945,0.812,0.112,1,0.9437057375907898,0.896,0.092,1,0.9413155317306519,0.876,0.072,1,-1.0,-1.0,-1.0,-1,0.8986915652387835,0.584,0.08,1,-1.0,-1,-1.0,-1,-1.0,-1,-1.0,-1,-1.0,-1,-1.0,-1,0.9059861778038476,0.632,0.076,1,-1.0,-1.0,-1.0,-1,-1,-1,-1,-1,0.9503086805343628,-1,1.02,1,-1,-1,-1,-1,-1.0,-1,-1.0,-1,-1.0,-1,-1.0,-1,-1.0,-1,-1.0,-1,-1.0,-1,-1.0,-1,-1,-1,-1,-1,-1,-1,-1,-1,-1,-1,-1,-1
23,2015,334,-1.0,-1,-1.0,-1,-1.0,-1,-1.0,-1,-1.0,-1,-1.0,-1,-1.0,-1,-1.0,-1,-1.0,-1,-1.0,-1,-1.0,-1,-1.0,-1,-1.0,-1,-1.0,-1,-1.0,-1,-1.0,-1,-1.0,-1.0,-1.0,-1,-1.0,-1.0,-1.0,-1,-1.0,-1,-1.0,-1,-1.0,-1.0,-1.0,-1,-1.0,-1.0,-1.0,-1,-1.0,-1,-1.0,-1,-1.0,-1,-1.0,-1,-1.0,-1.0,-1.0,-1,-1.0,-1.0,-1.0,-1,-1.0,-1.0,-1.0,-1,-1.0,-1.0,-1.0,-1,-1.0,-1.0,-1.0,-1,-1.0,-1,-1.0,-1,-1.0,-1,-1.0,-1,-1.0,-1,-1.0,-1,-1.0,-1.0,-1.0,-1,-1.0,-1.0,-1.0,-1,-1,-1,-1,-1,-1.0,-1,-1.0,-1,-1,-1,-1,-1,-1.0,-1,-1.0,-1,-1.0,-1,-1.0,-1,-1.0,-1,-1.0,-1,-1.0,-1,-1.0,-1,-1,-1,-1,-1,-1,-1,-1,-1,-1,-1,-1,-1
24,2016,20,-1.0,-1,-1.0,-1,-1.0,-1,-1.0,-1,-1.0,-1,-1.0,-1,-1.0,-1,-1.0,-1,-1.0,-1,-1.0,-1,-1.0,-1,-1.0,-1,-1.0,-1,-1.0,-1,-1.0,-1,-1.0,-1,-1.0,-1.0,-1.0,-1,-1.0,-1.0,-1.0,-1,-1.0,-1,-1.0,-1,-1.0,-1.0,-1.0,-1,-1.0,-1.0,-1.0,-1,-1.0,-1,-1.0,-1,-1.0,-1,-1.0,-1,-1.0,-1.0,-1.0,-1,-1.0,-1.0,-1.0,-1,-1.0,-1.0,-1.0,-1,-1.0,-1.0,-1.0,-1,-1.0,-1.0,-1.0,-1,-1.0,-1,-1.0,-1,-1.0,-1,-1.0,-1,-1.0,-1,-1.0,-1,-1.0,-1.0,-1.0,-1,-1.0,-1.0,-1.0,-1,-1,-1,-1,-1,-1.0,-1,-1.0,-1,-1,-1,-1,-1,-1.0,-1,-1.0,-1,-1.0,-1,-1.0,-1,-1.0,-1,-1.0,-1,-1.0,-1,-1.0,-1,-1,-1,-1,-1,-1,-1,-1,-1,-1,-1,-1,-1
25,2016,51,-1.0,-1,-1.0,-1,-1.0,-1,-1.0,-1,-1.0,-1,-1.0,-1,-1.0,-1,-1.0,-1,-1.0,-1,-1.0,-1,-1.0,-1,-1.0,-1,-1.0,-1,-1.0,-1,-1.0,-1,-1.0,-1,-1.0,-1.0,-1.0,-1,-1.0,-1.0,-1.0,-1,-1.0,-1,-1.0,-1,-1.0,-1.0,-1.0,-1,-1.0,-1.0,-1.0,-1,-1.0,-1,-1.0,-1,-1.0,-1,-1.0,-1,-1.0,-1.0,-1.0,-1,-1.0,-1.0,-1.0,-1,-1.0,-1.0,-1.0,-1,-1.0,-1.0,-1.0,-1,-1.0,-1.0,-1.0,-1,-1.0,-1,-1.0,-1,-1.0,-1,-1.0,-1,-1.0,-1,-1.0,-1,-1.0,-1.0,-1.0,-1,-1.0,-1.0,-1.0,-1,-1,-1,-1,-1,-1.0,-1,-1.0,-1,-1,-1,-1,-1,-1.0,-1,-1.0,-1,-1.0,-1,-1.0,-1,-1.0,-1,-1.0,-1,-1.0,-1,-1.0,-1,-1,-1,-1,-1,-1,-1,-1,-1,-1,-1,-1,-1
26,2016,80,-1.0,-1,-1.0,-1,-1.0,-1,-1.0,-1,-1.0,-1,-1.0,-1,-1.0,-1,-1.0,-1,-1.0,-1,-1.0,-1,0.7533793192485283,-1,1.02,1,0.7962907552719116,-1,1.02,1,-1.0,-1,-1.0,-1,-1.0,-1.0,-1.0,-1,0.7318827521284016,0.264,0.04,1,-1.0,-1,-1.0,-1,-1.0,-1.0,-1.0,-1,0.8135647167052541,0.328,0.064,1,-1.0,-1,-1.0,-1,-1.0,-1,-1.0,-1,-1.0,-1.0,-1.0,-1,0.859157447157235,0.456,0.068,1,0.8827984401785661,0.46,0.08,1,0.7851036930189385,0.428,0.084,1,0.7947810121944973,0.348,0.06,1,-1.0,-1,-1.0,-1,-1.0,-1,-1.0,-1,0.7577807307243347,-1,1.02,1,0.7886565486932623,0.456,0.064,1,0.8578708704813482,0.492,0.084,1,-1,-1,-1,-1,0.8393702079803486,-1,1.02,1,-1,-1,-1,-1,0.5966294461823239,-1,1.02,1,-1.0,-1,-1.0,-1,-1.0,-1,-1.0,-1,-1.0,-1,-1.0,-1,-1,-1,-1,-1,-1,-1,-1,-1,-1,-1,-1,-1
27,2016,101,-1.0,-1,-1.0,-1,-1.0,-1,-1.0,-1,-1.0,-1,-1.0,-1,-1.0,-1,-1.0,-1,-1.0,-1,-1.0,-1,-1.0,-1,-1.0,-1,-1.0,-1,-1.0,-1,-1.0,-1,-1.0,-1,-1.0,-1.0,-1.0,-1,-1.0,-1.0,-1.0,-1,-1.0,-1,-1.0,-1,-1.0,-1.0,-1.0,-1,-1.0,-1.0,-1.0,-1,-1.0,-1,-1.0,-1,-1.0,-1,-1.0,-1,-1.0,-1.0,-1.0,-1,-1.0,-1.0,-1.0,-1,-1.0,-1.0,-1.0,-1,-1.0,-1.0,-1.0,-1,-1.0,-1.0,-1.0,-1,-1.0,-1,-1.0,-1,-1.0,-1,-1.0,-1,-1.0,-1,-1.0,-1,-1.0,-1.0,-1.0,-1,-1.0,-1.0,-1.0,-1,-1,-1,-1,-1,-1.0,-1,-1.0,-1,-1,-1,-1,-1,-1.0,-1,-1.0,-1,-1.0,-1,-1.0,-1,-1.0,-1,-1.0,-1,-1.0,-1,-1.0,-1,-1,-1,-1,-1,-1,-1,-1,-1,-1,-1,-1,-1
28,2016,111,-1.0,-1,-1.0,-1,-1.0,-1,-1.0,-1,-1.0,-1,-1.0,-1,-1.0,-1,-1.0,-1,-1.0,-1,-1.0,-1,-1.0,-1,-1.0,-1,0.7505629717524072,-1,1.02,1,-1.0,-1,-1.0,-1,-1.0,-1.0,-1.0,-1,-1.0,-1.0,-1.0,-1,-1.0,-1,-1.0,-1,-1.0,-1.0,-1.0,-1,0.7535019623381751,0.336,0.04,1,-1.0,-1,-1.0,-1,-1.0,-1,-1.0,-1,-1.0,-1.0,-1.0,-1,-1.0,-1.0,-1.0,-1,0.8475882298314189,0.52,0.104,1,0.7432023176883065,0.452,0.072,1,-1.0,-1.0,-1.0,-1,0.6931558280439071,-1,1.02,1,-1.0,-1,-1.0,-1,0.7289062142372131,-1,1.02,1,-1.0,-1.0,-1.0,-1,0.822478901191784,0.54,0.048,1,-1,-1,-1,-1,0.7806956746748516,-1,1.02,1,-1,-1,-1,-1,-1.0,-1,-1.0,-1,-1.0,-1,-1.0,-1,-1.0,-1,-1.0,-1,-1.0,-1,-1.0,-1,-1,-1,-1,-1,-1,-1,-1,-1,-1,-1,-1,-1
29,2016,131,-1.0,-1,-1.0,-1,-1.0,-1,-1.0,-1,-1.0,-1,-1.0,-1,-1.0,-1,-1.0,-1,-1.0,-1,-1.0,-1,-1.0,-1,-1.0,-1,-1.0,-1,-1.0,-1,-1.0,-1,-1.0,-1,-1.0,-1.0,-1.0,-1,-1.0,-1.0,-1.0,-1,-1.0,-1,-1.0,-1,-1.0,-1.0,-1.0,-1,-1.0,-1.0,-1.0,-1,-1.0,-1,-1.0,-1,-1.0,-1,-1.0,-1,-1.0,-1.0,-1.0,-1,-1.0,-1.0,-1.0,-1,-1.0,-1.0,-1.0,-1,-1.0,-1.0,-1.0,-1,-1.0,-1.0,-1.0,-1,-1.0,-1,-1.0,-1,-1.0,-1,-1.0,-1,-1.0,-1,-1.0,-1,-1.0,-1.0,-1.0,-1,-1.0,-1.0,-1.0,-1,-1,-1,-1,-1,-1.0,-1,-1.0,-1,-1,-1,-1,-1,-1.0,-1,-1.0,-1,-1.0,-1,-1.0,-1,-1.0,-1,-1.0,-1,-1.0,-1,-1.0,-1,-1,-1,-1,-1,-1,-1,-1,-1,-1,-1,-1,-1
30,2016,141,-1.0,-1,-1.0,-1,-1.0,-1,-1.0,-1,-1.0,-1,-1.0,-1,-1.0,-1,-1.0,-1,-1.0,-1,-1.0,-1,-1.0,-1,-1.0,-1,-1.0,-1,-1.0,-1,-1.0,-1,-1.0,-1,-1.0,-1.0,-1.0,-1,-1.0,-1.0,-1.0,-1,-1.0,-1,-1.0,-1,-1.0,-1.0,-1.0,-1,0.8635134100914001,0.532,0.196,1,-1.0,-1,-1.0,-1,-1.0,-1,-1.0,-1,-1.0,-1.0,-1.0,-1,-1.0,-1.0,-1.0,-1,0.8788305051828537,0.664,0.168,1,-1.0,-1.0,-1.0,-1,0.8123520612716675,0.588,0.124,1,-1.0,-1,-1.0,-1,-1.0,-1,-1.0,-1,-1.0,-1,-1.0,-1,-1.0,-1.0,-1.0,-1,0.8573437333106995,0.636,0.096,1,-1,-1,-1,-1,0.8432841253251278,-1,1.02,1,-1,-1,-1,-1,-1.0,-1,-1.0,-1,-1.0,-1,-1.0,-1,-1.0,-1,-1.0,-1,-1.0,-1,-1.0,-1,-1,-1,-1,-1,-1,-1,-1,-1,-1,-1,-1,-1
31,2016,182,0.8450825045555096,-1,1.02,1,-1.0,-1,-1.0,-1,-1.0,-1,-1.0,-1,-1.0,-1,-1.0,-1,-1.0,-1,-1.0,-1,-1.0,-1,-1.0,-1,-1.0,-1,-1.0,-1,0.7877145783633602,-1,1.02,1,0.923862874507904,0.832,0.08,1,0.8540771688733783,0.712,0.068,1,0.8400695664542062,-1,1.02,1,0.8866924909856232,0.784,0.052,1,0.925499110121508,0.928,0.024,1,0.825900044347265,-1,1.02,1,0.7671595955717152,-1,1.02,1,0.8833669737318042,0.924,0.02,1,0.9001515813795804,0.924,0.04,1,0.9125737231069739,0.924,0.044,1,0.8700852629750274,0.9,0.032,1,0.88343743253224,0.824,0.064,1,0.7909912352896474,-1,1.02,1,0.7736753419115039,-1,1.02,1,-1.0,-1,-1.0,-1,0.8589127063751221,0.756,0.08,1,0.9160051941871643,0.912,0.032,1,-1,-1,-1,-1,0.9382474422454834,-1,1.02,1,-1,-1,-1,-1,0.7034730070403644,-1,1.02,1,0.7094516774703716,-1,1.02,1,0.725203197525472,-1,1.02,1,-1.0,-1,-1.0,-1,-1,-1,-1,-1,-1,-1,-1,-1,-1,-1,-1,-1
32,2016,192,-1.0,-1,-1.0,-1,-1.0,-1,-1.0,-1,-1.0,-1,-1.0,-1,-1.0,-1,-1.0,-1,-1.0,-1,-1.0,-1,-1.0,-1,-1.0,-1,-1.0,-1,-1.0,-1,-1.0,-1,-1.0,-1,-1.0,-1.0,-1.0,-1,0.85447566119992,0.756,0.068,1,-1.0,-1,-1.0,-1,-1.0,-1.0,-1.0,-1,-1.0,-1.0,-1.0,-1,-1.0,-1,-1.0,-1,0.8353529995298151,-1,1.02,1,-1.0,-1.0,-1.0,-1,-1.0,-1.0,-1.0,-1,-1.0,-1.0,-1.0,-1,-1.0,-1.0,-1.0,-1,-1.0,-1.0,-1.0,-1,-1.0,-1,-1.0,-1,-1.0,-1,-1.0,-1,0.7639622503313525,-1,1.02,1,-1.0,-1.0,-1.0,-1,-1.0,-1.0,-1.0,-1,-1,-1,-1,-1,-1.0,-1,-1.0,-1,-1,-1,-1,-1,-1.0,-1,-1.0,-1,-1.0,-1,-1.0,-1,-1.0,-1,-1.0,-1,-1.0,-1,-1.0,-1,-1,-1,-1,-1,-1,-1,-1,-1,-1,-1,-1,-1
33,2016,223,-1.0,-1,-1.0,-1,-1.0,-1,-1.0,-1,-1.0,-1,-1.0,-1,-1.0,-1,-1.0,-1,0.8791840454054146,-1,1.02,1,0.9320233464241028,-1,1.02,1,0.8315133003077241,-1,1.02,1,-1.0,-1,-1.0,-1,0.9501036787267976,0.936,0.024,1,0.927507221698761,0.896,0.028,1,0.8902526841375041,-1,1.02,1,0.8842348349945885,0.916,0.032,1,0.876184132634377,0.94,0.024,1,0.8441183102395147,-1,1.02,1,0.9190828720190255,-1,1.02,1,0.9460828900337219,0.928,0.016,1,0.9260181722969845,0.928,1.02,2,0.936505138874054,0.92,0.044,3,-1.0,-1.0,-1.0,-1,-1.0,-1.0,-1.0,-1,-1.0,-1,-1.0,-1,0.9064100502159795,-1,1.02,1,0.9061794564500009,-1,1.02,1,0.9132508061495908,0.892,0.048,1,0.9101590105242735,0.924,0.036,1,-1,-1,-1,-1,0.9408552646636963,-1,1.02,1,-1,-1,-1,-1,0.816055428236723,-1,1.02,1,0.7278317351793421,-1,1.02,1,-1.0,-1,-1.0,-1,-1.0,-1,-1.0,-1,-1,-1,-1,-1,-1,-1,-1,-1,-1,-1,-1,-1
34,2016,254,-1.0,-1,-1.0,-1,-1.0,-1,-1.0,-1,-1.0,-1,-1.0,-1,-1.0,-1,-1.0,-1,-1.0,-1,-1.0,-1,-1.0,-1,-1.0,-1,-1.0,-1,-1.0,-1,-1.0,-1,-1.0,-1,-1.0,-1.0,-1.0,-1,-1.0,-1.0,-1.0,-1,-1.0,-1,-1.0,-1,-1.0,-1.0,-1.0,-1,-1.0,-1.0,-1.0,-1,-1.0,-1,-1.0,-1,-1.0,-1,-1.0,-1,-1.0,-1.0,-1.0,-1,-1.0,-1.0,-1.0,-1,-1.0,-1.0,-1.0,-1,-1.0,-1.0,-1.0,-1,-1.0,-1.0,-1.0,-1,-1.0,-1,-1.0,-1,-1.0,-1,-1.0,-1,-1.0,-1,-1.0,-1,-1.0,-1.0,-1.0,-1,-1.0,-1.0,-1.0,-1,-1,-1,-1,-1,-1.0,-1,-1.0,-1,-1,-1,-1,-1,-1.0,-1,-1.0,-1,-1.0,-1,-1.0,-1,-1.0,-1,-1.0,-1,-1.0,-1,-1.0,-1,-1,-1,-1,-1,-1,-1,-1,-1,-1,-1,-1,-1
35,2016,274,-1.0,-1,-1.0,-1,-1.0,-1,-1.0,-1,-1.0,-1,-1.0,-1,-1.0,-1,-1.0,-1,-1.0,-1,-1.0,-1,-1.0,-1,-1.0,-1,-1.0,-1,-1.0,-1,-1.0,-1,-1.0,-1,-1.0,-1.0,-1.0,-1,-1.0,-1.0,-1.0,-1,-1.0,-1,-1.0,-1,-1.0,-1.0,-1.0,-1,-1.0,-1.0,-1.0,-1,-1.0,-1,-1.0,-1,-1.0,-1,-1.0,-1,-1.0,-1.0,-1.0,-1,-1.0,-1.0,-1.0,-1,-1.0,-1.0,-1.0,-1,-1.0,-1.0,-1.0,-1,-1.0,-1.0,-1.0,-1,-1.0,-1,-1.0,-1,-1.0,-1,-1.0,-1,-1.0,-1,-1.0,-1,-1.0,-1.0,-1.0,-1,-1.0,-1.0,-1.0,-1,-1,-1,-1,-1,-1.0,-1,-1.0,-1,-1,-1,-1,-1,-1.0,-1,-1.0,-1,-1.0,-1,-1.0,-1,-1.0,-1,-1.0,-1,-1.0,-1,-1.0,-1,-1,-1,-1,-1,-1,-1,-1,-1,-1,-1,-1,-1
36,2016,294,-1.0,-1,-1.0,-1,-1.0,-1,-1.0,-1,-1.0,-1,-1.0,-1,-1.0,-1,-1.0,-1,-1.0,-1,-1.0,-1,-1.0,-1,-1.0,-1,-1.0,-1,-1.0,-1,-1.0,-1,-1.0,-1,-1.0,-1.0,-1.0,-1,-1.0,-1.0,-1.0,-1,-1.0,-1,-1.0,-1,-1.0,-1.0,-1.0,-1,-1.0,-1.0,-1.0,-1,-1.0,-1,-1.0,-1,-1.0,-1,-1.0,-1,-1.0,-1.0,-1.0,-1,-1.0,-1.0,-1.0,-1,-1.0,-1.0,-1.0,-1,-1.0,-1.0,-1.0,-1,-1.0,-1.0,-1.0,-1,-1.0,-1,-1.0,-1,-1.0,-1,-1.0,-1,-1.0,-1,-1.0,-1,-1.0,-1.0,-1.0,-1,-1.0,-1.0,-1.0,-1,-1,-1,-1,-1,-1.0,-1,-1.0,-1,-1,-1,-1,-1,-1.0,-1,-1.0,-1,-1.0,-1,-1.0,-1,-1.0,-1,-1.0,-1,-1.0,-1,-1.0,-1,-1,-1,-1,-1,-1,-1,-1,-1,-1,-1,-1,-1
37,2016,325,-1.0,-1,-1.0,-1,-1.0,-1,-1.0,-1,-1.0,-1,-1.0,-1,-1.0,-1,-1.0,-1,-1.0,-1,-1.0,-1,0.8260725166997299,-1,1.02,1,-1.0,-1,-1.0,-1,-1.0,-1,-1.0,-1,-1.0,-1.0,-1.0,-1,0.8005727558415763,0.324,0.08,1,0.8010022525716884,-1,1.02,1,-1.0,-1.0,-1.0,-1,-1.0,-1.0,-1.0,-1,-1.0,-1,-1.0,-1,-1.0,-1,-1.0,-1,-1.0,-1.0,-1.0,-1,0.9050993477476055,0.624,0.06,1,0.9243544936180115,0.58,0.08,1,-1.0,-1.0,-1.0,-1,-1.0,-1.0,-1.0,-1,-1.0,-1,-1.0,-1,-1.0,-1,-1.0,-1,-1.0,-1,-1.0,-1,-1.0,-1.0,-1.0,-1,0.9159774780273438,0.56,0.048,1,-1,-1,-1,-1,-1.0,-1,-1.0,-1,-1,-1,-1,-1,-1.0,-1,-1.0,-1,-1.0,-1,-1.0,-1,-1.0,-1,-1.0,-1,-1.0,-1,-1.0,-1,-1,-1,-1,-1,-1,-1,-1,-1,-1,-1,-1,-1
38,2016,335,-1.0,-1,-1.0,-1,-1.0,-1,-1.0,-1,-1.0,-1,-1.0,-1,-1.0,-1,-1.0,-1,-1.0,-1,-1.0,-1,-1.0,-1,-1.0,-1,-1.0,-1,-1.0,-1,-1.0,-1,-1.0,-1,-1.0,-1.0,-1.0,-1,-1.0,-1.0,-1.0,-1,-1.0,-1,-1.0,-1,-1.0,-1.0,-1.0,-1,-1.0,-1.0,-1.0,-1,-1.0,-1,-1.0,-1,-1.0,-1,-1.0,-1,-1.0,-1.0,-1.0,-1,-1.0,-1.0,-1.0,-1,-1.0,-1.0,-1.0,-1,-1.0,-1.0,-1.0,-1,-1.0,-1.0,-1.0,-1,-1.0,-1,-1.0,-1,-1.0,-1,-1.0,-1,-1.0,-1,-1.0,-1,-1.0,-1.0,-1.0,-1,-1.0,-1.0,-1.0,-1,-1,-1,-1,-1,-1.0,-1,-1.0,-1,-1,-1,-1,-1,-1.0,-1,-1.0,-1,-1.0,-1,-1.0,-1,-1.0,-1,-1.0,-1,-1.0,-1,-1.0,-1,-1,-1,-1,-1,-1,-1,-1,-1,-1,-1,-1,-1
39,2016,355,-1.0,-1,-1.0,-1,-1.0,-1,-1.0,-1,-1.0,-1,-1.0,-1,-1.0,-1,-1.0,-1,-1.0,-1,-1.0,-1,-1.0,-1,-1.0,-1,-1.0,-1,-1.0,-1,-1.0,-1,-1.0,-1,-1.0,-1.0,-1.0,-1,-1.0,-1.0,-1.0,-1,-1.0,-1,-1.0,-1,-1.0,-1.0,-1.0,-1,-1.0,-1.0,-1.0,-1,-1.0,-1,-1.0,-1,-1.0,-1,-1.0,-1,-1.0,-1.0,-1.0,-1,-1.0,-1.0,-1.0,-1,-1.0,-1.0,-1.0,-1,-1.0,-1.0,-1.0,-1,-1.0,-1.0,-1.0,-1,-1.0,-1,-1.0,-1,-1.0,-1,-1.0,-1,-1.0,-1,-1.0,-1,-1.0,-1.0,-1.0,-1,-1.0,-1.0,-1.0,-1,-1,-1,-1,-1,-1.0,-1,-1.0,-1,-1,-1,-1,-1,-1.0,-1,-1.0,-1,-1.0,-1,-1.0,-1,-1.0,-1,-1.0,-1,-1.0,-1,-1.0,-1,-1,-1,-1,-1,-1,-1,-1,-1,-1,-1,-1,-1
40,2017,20,-1.0,-1,-1.0,-1,-1.0,-1,-1.0,-1,-1.0,-1,-1.0,-1,-1.0,-1,-1.0,-1,-1.0,-1,-1.0,-1,-1.0,-1,-1.0,-1,-1.0,-1,-1.0,-1,-1.0,-1,-1.0,-1,-1.0,-1.0,-1.0,-1,-1.0,-1.0,-1.0,-1,-1.0,-1,-1.0,-1,-1.0,-1.0,-1.0,-1,-1.0,-1.0,-1.0,-1,-1.0,-1,-1.0,-1,-1.0,-1,-1.0,-1,-1.0,-1.0,-1.0,-1,-1.0,-1.0,-1.0,-1,-1.0,-1.0,-1.0,-1,-1.0,-1.0,-1.0,-1,-1.0,-1.0,-1.0,-1,-1.0,-1,-1.0,-1,-1.0,-1,-1.0,-1,-1.0,-1,-1.0,-1,-1.0,-1.0,-1.0,-1,-1.0,-1.0,-1.0,-1,-1,-1,-1,-1,-1.0,-1,-1.0,-1,-1,-1,-1,-1,-1.0,-1,-1.0,-1,-1.0,-1,-1.0,-1,-1.0,-1,-1.0,-1,-1.0,-1,-1.0,-1,-1,-1,-1,-1,-1,-1,-1,-1,-1,-1,-1,-1
41,2017,51,-1.0,-1,-1.0,-1,-1.0,-1,-1.0,-1,-1.0,-1,-1.0,-1,-1.0,-1,-1.0,-1,-1.0,-1,-1.0,-1,-1.0,-1,-1.0,-1,-1.0,-1,-1.0,-1,-1.0,-1,-1.0,-1,-1.0,-1.0,-1.0,-1,-1.0,-1.0,-1.0,-1,-1.0,-1,-1.0,-1,-1.0,-1.0,-1.0,-1,-1.0,-1.0,-1.0,-1,-1.0,-1,-1.0,-1,-1.0,-1,-1.0,-1,-1.0,-1.0,-1.0,-1,-1.0,-1.0,-1.0,-1,-1.0,-1.0,-1.0,-1,-1.0,-1.0,-1.0,-1,-1.0,-1.0,-1.0,-1,-1.0,-1,-1.0,-1,-1.0,-1,-1.0,-1,-1.0,-1,-1.0,-1,-1.0,-1.0,-1.0,-1,-1.0,-1.0,-1.0,-1,-1,-1,-1,-1,-1.0,-1,-1.0,-1,-1,-1,-1,-1,-1.0,-1,-1.0,-1,-1.0,-1,-1.0,-1,-1.0,-1,-1.0,-1,-1.0,-1,-1.0,-1,-1,-1,-1,-1,-1,-1,-1,-1,-1,-1,-1,-1
42,2017,69,-1.0,-1,-1.0,-1,-1.0,-1,-1.0,-1,-1.0,-1,-1.0,-1,-1.0,-1,-1.0,-1,-1.0,-1,-1.0,-1,-1.0,-1,-1.0,-1,-1.0,-1,-1.0,-1,-1.0,-1,-1.0,-1,-1.0,-1.0,-1.0,-1,-1.0,-1.0,-1.0,-1,-1.0,-1,-1.0,-1,-1.0,-1.0,-1.0,-1,-1.0,-1.0,-1.0,-1,-1.0,-1,-1.0,-1,-1.0,-1,-1.0,-1,-1.0,-1.0,-1.0,-1,-1.0,-1.0,-1.0,-1,-1.0,-1.0,-1.0,-1,-1.0,-1.0,-1.0,-1,-1.0,-1.0,-1.0,-1,-1.0,-1,-1.0,-1,-1.0,-1,-1.0,-1,-1.0,-1,-1.0,-1,-1.0,-1.0,-1.0,-1,-1.0,-1.0,-1.0,-1,-1,-1,-1,-1,-1.0,-1,-1.0,-1,-1,-1,-1,-1,-1.0,-1,-1.0,-1,-1.0,-1,-1.0,-1,-1.0,-1,-1.0,-1,-1.0,-1,-1.0,-1,-1,-1,-1,-1,-1,-1,-1,-1,-1,-1,-1,-1
43,2017,100,-1.0,-1,-1.0,-1,-1.0,-1,-1.0,-1,-1.0,-1,-1.0,-1,-1.0,-1,-1.0,-1,-1.0,-1,-1.0,-1,-1.0,-1,-1.0,-1,-1.0,-1,-1.0,-1,-1.0,-1,-1.0,-1,-1.0,-1.0,-1.0,-1,-1.0,-1.0,-1.0,-1,-1.0,-1,-1.0,-1,-1.0,-1.0,-1.0,-1,-1.0,-1.0,-1.0,-1,-1.0,-1,-1.0,-1,-1.0,-1,-1.0,-1,-1.0,-1.0,-1.0,-1,-1.0,-1.0,-1.0,-1,-1.0,-1.0,-1.0,-1,-1.0,-1.0,-1.0,-1,-1.0,-1.0,-1.0,-1,-1.0,-1,-1.0,-1,-1.0,-1,-1.0,-1,-1.0,-1,-1.0,-1,-1.0,-1.0,-1.0,-1,-1.0,-1.0,-1.0,-1,-1,-1,-1,-1,-1.0,-1,-1.0,-1,-1,-1,-1,-1,-1.0,-1,-1.0,-1,-1.0,-1,-1.0,-1,-1.0,-1,-1.0,-1,-1.0,-1,-1.0,-1,-1,-1,-1,-1,-1,-1,-1,-1,-1,-1,-1,-1
44,2017,130,-1.0,-1,-1.0,-1,-1.0,-1,-1.0,-1,-1.0,-1,-1.0,-1,-1.0,-1,-1.0,-1,-1.0,-1,-1.0,-1,-1.0,-1,-1.0,-1,-1.0,-1,-1.0,-1,-1.0,-1,-1.0,-1,-1.0,-1.0,-1.0,-1,-1.0,-1.0,-1.0,-1,-1.0,-1,-1.0,-1,-1.0,-1.0,-1.0,-1,-1.0,-1.0,-1.0,-1,-1.0,-1,-1.0,-1,-1.0,-1,-1.0,-1,-1.0,-1.0,-1.0,-1,-1.0,-1.0,-1.0,-1,-1.0,-1.0,-1.0,-1,-1.0,-1.0,-1.0,-1,-1.0,-1.0,-1.0,-1,-1.0,-1,-1.0,-1,-1.0,-1,-1.0,-1,-1.0,-1,-1.0,-1,-1.0,-1.0,-1.0,-1,-1.0,-1.0,-1.0,-1,-1,-1,-1,-1,-1.0,-1,-1.0,-1,-1,-1,-1,-1,-1.0,-1,-1.0,-1,-1.0,-1,-1.0,-1,-1.0,-1,-1.0,-1,-1.0,-1,-1.0,-1,-1,-1,-1,-1,-1,-1,-1,-1,-1,-1,-1,-1
45,2017,161,-1.0,-1,-1.0,-1,-1.0,-1,-1.0,-1,-1.0,-1,-1.0,-1,-1.0,-1,-1.0,-1,-1.0,-1,-1.0,-1,-1.0,-1,-1.0,-1,-1.0,-1,-1.0,-1,-1.0,-1,-1.0,-1,-1.0,-1.0,-1.0,-1,-1.0,-1.0,-1.0,-1,-1.0,-1,-1.0,-1,-1.0,-1.0,-1.0,-1,-1.0,-1.0,-1.0,-1,-1.0,-1,-1.0,-1,-1.0,-1,-1.0,-1,-1.0,-1.0,-1.0,-1,-1.0,-1.0,-1.0,-1,-1.0,-1.0,-1.0,-1,-1.0,-1.0,-1.0,-1,-1.0,-1.0,-1.0,-1,-1.0,-1,-1.0,-1,-1.0,-1,-1.0,-1,-1.0,-1,-1.0,-1,-1.0,-1.0,-1.0,-1,-1.0,-1.0,-1.0,-1,-1,-1,-1,-1,-1.0,-1,-1.0,-1,-1,-1,-1,-1,-1.0,-1,-1.0,-1,-1.0,-1,-1.0,-1,-1.0,-1,-1.0,-1,-1.0,-1,-1.0,-1,-1,-1,-1,-1,-1,-1,-1,-1,-1,-1,-1,-1
46,2017,181,-1.0,-1,-1.0,-1,-1.0,-1,-1.0,-1,-1.0,-1,-1.0,-1,-1.0,-1,-1.0,-1,-1.0,-1,-1.0,-1,-1.0,-1,-1.0,-1,-1.0,-1,-1.0,-1,-1.0,-1,-1.0,-1,-1.0,-1.0,-1.0,-1,-1.0,-1.0,-1.0,-1,-1.0,-1,-1.0,-1,-1.0,-1.0,-1.0,-1,-1.0,-1.0,-1.0,-1,-1.0,-1,-1.0,-1,-1.0,-1,-1.0,-1,0.888642973622017,0.908,0.032,1,0.9191244106574599,0.94,0.04,1,-1.0,-1.0,-1.0,-1,-1.0,-1.0,-1.0,-1,-1.0,-1.0,-1.0,-1,-1.0,-1,-1.0,-1,-1.0,-1,-1.0,-1,-1.0,-1,-1.0,-1,-1.0,-1.0,-1.0,-1,-1.0,-1.0,-1.0,-1,-1,-1,-1,-1,-1.0,-1,-1.0,-1,-1,-1,-1,-1,-1.0,-1,-1.0,-1,-1.0,-1,-1.0,-1,-1.0,-1,-1.0,-1,-1.0,-1,-1.0,-1,-1,-1,-1,-1,-1,-1,-1,-1,-1,-1,-1,-1
47,2017,191,-1.0,-1,-1.0,-1,-1.0,-1,-1.0,-1,-1.0,-1,-1.0,-1,-1.0,-1,-1.0,-1,-1.0,-1,-1.0,-1,-1.0,-1,-1.0,-1,-1.0,-1,-1.0,-1,-1.0,-1,-1.0,-1,-1.0,-1.0,-1.0,-1,-1.0,-1.0,-1.0,-1,-1.0,-1,-1.0,-1,-1.0,-1.0,-1.0,-1,-1.0,-1.0,-1.0,-1,-1.0,-1,-1.0,-1,-1.0,-1,-1.0,-1,-1.0,-1.0,-1.0,-1,-1.0,-1.0,-1.0,-1,-1.0,-1.0,-1.0,-1,-1.0,-1.0,-1.0,-1,-1.0,-1.0,-1.0,-1,-1.0,-1,-1.0,-1,-1.0,-1,-1.0,-1,-1.0,-1,-1.0,-1,-1.0,-1.0,-1.0,-1,-1.0,-1.0,-1.0,-1,-1,-1,-1,-1,-1.0,-1,-1.0,-1,-1,-1,-1,-1,-1.0,-1,-1.0,-1,-1.0,-1,-1.0,-1,-1.0,-1,-1.0,-1,-1.0,-1,-1.0,-1,-1,-1,-1,-1,-1,-1,-1,-1,-1,-1,-1,-1
48,2017,263,-1.0,-1,-1.0,-1,-1.0,-1,-1.0,-1,-1.0,-1,-1.0,-1,-1.0,-1,-1.0,-1,-1.0,-1,-1.0,-1,-1.0,-1,-1.0,-1,-1.0,-1,-1.0,-1,-1.0,-1,-1.0,-1,-1.0,-1.0,-1.0,-1,-1.0,-1.0,-1.0,-1,-1.0,-1,-1.0,-1,-1.0,-1.0,-1.0,-1,-1.0,-1.0,-1.0,-1,-1.0,-1,-1.0,-1,-1.0,-1,-1.0,-1,-1.0,-1.0,-1.0,-1,-1.0,-1.0,-1.0,-1,-1.0,-1.0,-1.0,-1,-1.0,-1.0,-1.0,-1,-1.0,-1.0,-1.0,-1,-1.0,-1,-1.0,-1,-1.0,-1,-1.0,-1,-1.0,-1,-1.0,-1,-1.0,-1.0,-1.0,-1,-1.0,-1.0,-1.0,-1,-1,-1,-1,-1,-1.0,-1,-1.0,-1,-1,-1,-1,-1,-1.0,-1,-1.0,-1,-1.0,-1,-1.0,-1,-1.0,-1,-1.0,-1,-1.0,-1,-1.0,-1,-1,-1,-1,-1,-1,-1,-1,-1,-1,-1,-1,-1
49,2017,273,-1.0,-1,-1.0,-1,-1.0,-1,-1.0,-1,-1.0,-1,-1.0,-1,-1.0,-1,-1.0,-1,-1.0,-1,-1.0,-1,-1.0,-1,-1.0,-1,-1.0,-1,-1.0,-1,-1.0,-1,-1.0,-1,-1.0,-1.0,-1.0,-1,-1.0,-1.0,-1.0,-1,-1.0,-1,-1.0,-1,-1.0,-1.0,-1.0,-1,-1.0,-1.0,-1.0,-1,-1.0,-1,-1.0,-1,-1.0,-1,-1.0,-1,-1.0,-1.0,-1.0,-1,-1.0,-1.0,-1.0,-1,-1.0,-1.0,-1.0,-1,-1.0,-1.0,-1.0,-1,-1.0,-1.0,-1.0,-1,-1.0,-1,-1.0,-1,-1.0,-1,-1.0,-1,-1.0,-1,-1.0,-1,-1.0,-1.0,-1.0,-1,-1.0,-1.0,-1.0,-1,-1,-1,-1,-1,-1.0,-1,-1.0,-1,-1,-1,-1,-1,-1.0,-1,-1.0,-1,-1.0,-1,-1.0,-1,-1.0,-1,-1.0,-1,-1.0,-1,-1.0,-1,-1,-1,-1,-1,-1,-1,-1,-1,-1,-1,-1,-1
50,2017,293,-1.0,-1,-1.0,-1,-1.0,-1,-1.0,-1,-1.0,-1,-1.0,-1,-1.0,-1,-1.0,-1,-1.0,-1,-1.0,-1,-1.0,-1,-1.0,-1,-1.0,-1,-1.0,-1,-1.0,-1,-1.0,-1,-1.0,-1.0,-1.0,-1,-1.0,-1.0,-1.0,-1,-1.0,-1,-1.0,-1,-1.0,-1.0,-1.0,-1,-1.0,-1.0,-1.0,-1,-1.0,-1,-1.0,-1,-1.0,-1,-1.0,-1,-1.0,-1.0,-1.0,-1,-1.0,-1.0,-1.0,-1,-1.0,-1.0,-1.0,-1,-1.0,-1.0,-1.0,-1,-1.0,-1.0,-1.0,-1,-1.0,-1,-1.0,-1,-1.0,-1,-1.0,-1,-1.0,-1,-1.0,-1,-1.0,-1.0,-1.0,-1,-1.0,-1.0,-1.0,-1,-1,-1,-1,-1,-1.0,-1,-1.0,-1,-1,-1,-1,-1,-1.0,-1,-1.0,-1,-1.0,-1,-1.0,-1,-1.0,-1,-1.0,-1,-1.0,-1,-1.0,-1,-1,-1,-1,-1,-1,-1,-1,-1,-1,-1,-1,-1
51,2017,324,-1.0,-1,-1.0,-1,-1.0,-1,-1.0,-1,-1.0,-1,-1.0,-1,-1.0,-1,-1.0,-1,-1.0,-1,-1.0,-1,-1.0,-1,-1.0,-1,-1.0,-1,-1.0,-1,-1.0,-1,-1.0,-1,-1.0,-1.0,-1.0,-1,-1.0,-1.0,-1.0,-1,-1.0,-1,-1.0,-1,-1.0,-1.0,-1.0,-1,-1.0,-1.0,-1.0,-1,-1.0,-1,-1.0,-1,-1.0,-1,-1.0,-1,-1.0,-1.0,-1.0,-1,-1.0,-1.0,-1.0,-1,-1.0,-1.0,-1.0,-1,-1.0,-1.0,-1.0,-1,-1.0,-1.0,-1.0,-1,-1.0,-1,-1.0,-1,-1.0,-1,-1.0,-1,-1.0,-1,-1.0,-1,-1.0,-1.0,-1.0,-1,-1.0,-1.0,-1.0,-1,-1,-1,-1,-1,-1.0,-1,-1.0,-1,-1,-1,-1,-1,-1.0,-1,-1.0,-1,-1.0,-1,-1.0,-1,-1.0,-1,-1.0,-1,-1.0,-1,-1.0,-1,-1,-1,-1,-1,-1,-1,-1,-1,-1,-1,-1,-1
52,2017,344,0.6882708847816355,-1,1.02,1,0.7989105797692797,-1,1.02,1,-1.0,-1,-1.0,-1,-1.0,-1,-1.0,-1,0.7254274264276744,-1,1.02,1,0.8361803058332997,-1,1.02,1,0.7193400263786316,-1,1.02,1,0.6347615134959318,-1,1.02,1,0.8204723047505459,0.308,0.044,1,0.8460193397287203,0.364,0.048,1,0.8295830673184889,-1,1.02,1,0.8440719923604763,0.396,0.108,1,0.8755676746368408,0.364,0.096,1,0.796212477637042,-1,1.02,1,-1.0,-1,-1.0,-1,0.8224749451726853,0.46,0.064,1,0.9223060011863708,0.572,0.072,1,0.9266822338104248,0.588,0.024,1,0.8444377807683723,0.46,0.1,1,0.8482550858276818,0.368,0.104,1,0.7619714693705619,-1,1.02,1,-1.0,-1,-1.0,-1,0.8239870667457581,-1,1.02,1,0.8291072845458984,0.44,0.068,1,0.9121039775549019,0.504,0.08,1,-1,-1,-1,-1,0.9116957187652588,-1,1.02,1,-1,-1,-1,-1,0.7495867829693823,-1,1.02,1,0.7303480825987942,-1,1.02,1,0.6248923345487944,-1,1.02,1,0.7576494745433037,-1,1.02,1,-1,-1,-1,-1,-1,-1,-1,-1,-1,-1,-1,-1
53,2017,354,-1.0,-1,-1.0,-1,-1.0,-1,-1.0,-1,-1.0,-1,-1.0,-1,-1.0,-1,-1.0,-1,-1.0,-1,-1.0,-1,-1.0,-1,-1.0,-1,-1.0,-1,-1.0,-1,-1.0,-1,-1.0,-1,-1.0,-1.0,-1.0,-1,-1.0,-1.0,-1.0,-1,-1.0,-1,-1.0,-1,-1.0,-1.0,-1.0,-1,-1.0,-1.0,-1.0,-1,-1.0,-1,-1.0,-1,-1.0,-1,-1.0,-1,-1.0,-1.0,-1.0,-1,-1.0,-1.0,-1.0,-1,-1.0,-1.0,-1.0,-1,-1.0,-1.0,-1.0,-1,-1.0,-1.0,-1.0,-1,-1.0,-1,-1.0,-1,-1.0,-1,-1.0,-1,-1.0,-1,-1.0,-1,-1.0,-1.0,-1.0,-1,-1.0,-1.0,-1.0,-1,-1,-1,-1,-1,-1.0,-1,-1.0,-1,-1,-1,-1,-1,-1.0,-1,-1.0,-1,-1.0,-1,-1.0,-1,-1.0,-1,-1.0,-1,-1.0,-1,-1.0,-1,-1,-1,-1,-1,-1,-1,-1,-1,-1,-1,-1,-1
54,2018,41,-1.0,-1,-1.0,-1,-1.0,-1,-1.0,-1,-1.0,-1,-1.0,-1,-1.0,-1,-1.0,-1,-1.0,-1,-1.0,-1,-1.0,-1,-1.0,-1,-1.0,-1,-1.0,-1,-1.0,-1,-1.0,-1,-1.0,-1.0,-1.0,-1,-1.0,-1.0,-1.0,-1,-1.0,-1,-1.0,-1,-1.0,-1.0,-1.0,-1,-1.0,-1.0,-1.0,-1,-1.0,-1,-1.0,-1,-1.0,-1,-1.0,-1,-1.0,-1.0,-1.0,-1,-1.0,-1.0,-1.0,-1,-1.0,-1.0,-1.0,-1,-1.0,-1.0,-1.0,-1,-1.0,-1.0,-1.0,-1,-1.0,-1,-1.0,-1,-1.0,-1,-1.0,-1,-1.0,-1,-1.0,-1,-1.0,-1.0,-1.0,-1,-1.0,-1.0,-1.0,-1,-1,-1,-1,-1,-1.0,-1,-1.0,-1,-1,-1,-1,-1,-1.0,-1,-1.0,-1,-1.0,-1,-1.0,-1,-1.0,-1,-1.0,-1,-1.0,-1,-1.0,-1,-1,-1,-1,-1,-1,-1,-1,-1,-1,-1,-1,-1
55,2018,100,-1.0,-1,-1.0,-1,-1.0,-1,-1.0,-1,-1.0,-1,-1.0,-1,-1.0,-1,-1.0,-1,-1.0,-1,-1.0,-1,-1.0,-1,-1.0,-1,-1.0,-1,-1.0,-1,-1.0,-1,-1.0,-1,-1.0,-1.0,-1.0,-1,-1.0,-1.0,-1.0,-1,-1.0,-1,-1.0,-1,-1.0,-1.0,-1.0,-1,-1.0,-1.0,-1.0,-1,-1.0,-1,-1.0,-1,-1.0,-1,-1.0,-1,-1.0,-1.0,-1.0,-1,-1.0,-1.0,-1.0,-1,-1.0,-1.0,-1.0,-1,-1.0,-1.0,-1.0,-1,-1.0,-1.0,-1.0,-1,-1.0,-1,-1.0,-1,-1.0,-1,-1.0,-1,-1.0,-1,-1.0,-1,-1.0,-1.0,-1.0,-1,-1.0,-1.0,-1.0,-1,-1,-1,-1,-1,-1.0,-1,-1.0,-1,-1,-1,-1,-1,-1.0,-1,-1.0,-1,-1.0,-1,-1.0,-1,-1.0,-1,-1.0,-1,-1.0,-1,-1.0,-1,-1,-1,-1,-1,-1,-1,-1,-1,-1,-1,-1,-1
56,2018,120,-1.0,-1,-1.0,-1,-1.0,-1,-1.0,-1,-1.0,-1,-1.0,-1,-1.0,-1,-1.0,-1,-1.0,-1,-1.0,-1,-1.0,-1,-1.0,-1,-1.0,-1,-1.0,-1,-1.0,-1,-1.0,-1,-1.0,-1.0,-1.0,-1,-1.0,-1.0,-1.0,-1,-1.0,-1,-1.0,-1,-1.0,-1.0,-1.0,-1,-1.0,-1.0,-1.0,-1,-1.0,-1,-1.0,-1,-1.0,-1,-1.0,-1,-1.0,-1.0,-1.0,-1,-1.0,-1.0,-1.0,-1,-1.0,-1.0,-1.0,-1,-1.0,-1.0,-1.0,-1,-1.0,-1.0,-1.0,-1,-1.0,-1,-1.0,-1,-1.0,-1,-1.0,-1,-1.0,-1,-1.0,-1,-1.0,-1.0,-1.0,-1,-1.0,-1.0,-1.0,-1,-1,-1,-1,-1,-1.0,-1,-1.0,-1,-1,-1,-1,-1,-1.0,-1,-1.0,-1,-1.0,-1,-1.0,-1,-1.0,-1,-1.0,-1,-1.0,-1,-1.0,-1,-1,-1,-1,-1,-1,-1,-1,-1,-1,-1,-1,-1
57,2018,130,-1.0,-1,-1.0,-1,-1.0,-1,-1.0,-1,-1.0,-1,-1.0,-1,-1.0,-1,-1.0,-1,-1.0,-1,-1.0,-1,-1.0,-1,-1.0,-1,-1.0,-1,-1.0,-1,-1.0,-1,-1.0,-1,-1.0,-1.0,-1.0,-1,-1.0,-1.0,-1.0,-1,-1.0,-1,-1.0,-1,-1.0,-1.0,-1.0,-1,-1.0,-1.0,-1.0,-1,-1.0,-1,-1.0,-1,-1.0,-1,-1.0,-1,-1.0,-1.0,-1.0,-1,-1.0,-1.0,-1.0,-1,-1.0,-1.0,-1.0,-1,-1.0,-1.0,-1.0,-1,-1.0,-1.0,-1.0,-1,-1.0,-1,-1.0,-1,-1.0,-1,-1.0,-1,-1.0,-1,-1.0,-1,-1.0,-1.0,-1.0,-1,-1.0,-1.0,-1.0,-1,-1,-1,-1,-1,-1.0,-1,-1.0,-1,-1,-1,-1,-1,-1.0,-1,-1.0,-1,-1.0,-1,-1.0,-1,-1.0,-1,-1.0,-1,-1.0,-1,-1.0,-1,-1,-1,-1,-1,-1,-1,-1,-1,-1,-1,-1,-1
58,2018,171,-1.0,-1,-1.0,-1,-1.0,-1,-1.0,-1,-1.0,-1,-1.0,-1,-1.0,-1,-1.0,-1,-1.0,-1,-1.0,-1,0.8516760191013073,-1,1.02,1,-1.0,-1,-1.0,-1,-1.0,-1,-1.0,-1,-1.0,-1.0,-1.0,-1,0.8653618689550429,0.728,0.1,1,-1.0,-1,-1.0,-1,-1.0,-1.0,-1.0,-1,-1.0,-1.0,-1.0,-1,-1.0,-1,-1.0,-1,-1.0,-1,-1.0,-1,-1.0,-1.0,-1.0,-1,0.9264494776725769,0.92,0.032,1,0.9063848309511237,0.912,0.044,1,-1.0,-1.0,-1.0,-1,0.8852843025635029,0.696,0.088,1,-1.0,-1,-1.0,-1,-1.0,-1,-1.0,-1,-1.0,-1,-1.0,-1,-1.0,-1.0,-1.0,-1,0.9169847369194031,0.844,0.108,1,-1,-1,-1,-1,0.9282653331756592,-1,1.02,1,-1,-1,-1,-1,-1.0,-1,-1.0,-1,-1.0,-1,-1.0,-1,-1.0,-1,-1.0,-1,-1.0,-1,-1.0,-1,-1,-1,-1,-1,-1,-1,-1,-1,-1,-1,-1,-1
59,2018,201,-1.0,-1,-1.0,-1,-1.0,-1,-1.0,-1,-1.0,-1,-1.0,-1,-1.0,-1,-1.0,-1,-1.0,-1,-1.0,-1,-1.0,-1,-1.0,-1,-1.0,-1,-1.0,-1,-1.0,-1,-1.0,-1,-1.0,-1.0,-1.0,-1,-1.0,-1.0,-1.0,-1,-1.0,-1,-1.0,-1,-1.0,-1.0,-1.0,-1,-1.0,-1.0,-1.0,-1,-1.0,-1,-1.0,-1,-1.0,-1,-1.0,-1,-1.0,-1.0,-1.0,-1,-1.0,-1.0,-1.0,-1,-1.0,-1.0,-1.0,-1,-1.0,-1.0,-1.0,-1,-1.0,-1.0,-1.0,-1,-1.0,-1,-1.0,-1,-1.0,-1,-1.0,-1,-1.0,-1,-1.0,-1,-1.0,-1.0,-1.0,-1,-1.0,-1.0,-1.0,-1,-1,-1,-1,-1,-1.0,-1,-1.0,-1,-1,-1,-1,-1,-1.0,-1,-1.0,-1,-1.0,-1,-1.0,-1,-1.0,-1,-1.0,-1,-1.0,-1,-1.0,-1,-1,-1,-1,-1,-1,-1,-1,-1,-1,-1,-1,-1
60,2018,232,0.9142549030592876,-1,1.02,1,-1.0,-1,-1.0,-1,-1.0,-1,-1.0,-1,-1.0,-1,-1.0,-1,-1.0,-1,-1.0,-1,-1.0,-1,-1.0,-1,0.8490665356554401,-1,1.02,1,0.8832719603515401,-1,1.02,1,0.9516449570655823,0.92,0.092,1,-1.0,-1.0,-1.0,-1,-1.0,-1,-1.0,-1,-1.0,-1.0,-1.0,-1,-1.0,-1.0,-1.0,-1,-1.0,-1,-1.0,-1,0.9382661581039429,-1,1.02,1,0.949280858039856,0.932,0.02,1,-1.0,-1.0,-1.0,-1,-1.0,-1.0,-1.0,-1,-1.0,-1.0,-1.0,-1,-1.0,-1.0,-1.0,-1,-1.0,-1,-1.0,-1,0.9023240817885093,-1,1.02,1,-1.0,-1,-1.0,-1,0.8996078551109201,0.852,0.072,1,-1.0,-1.0,-1.0,-1,-1,-1,-1,-1,-1.0,-1,-1.0,-1,-1,-1,-1,-1,-1.0,-1,-1.0,-1,-1.0,-1,-1.0,-1,0.937491774559021,-1,1.02,1,-1.0,-1,-1.0,-1,-1,-1,-1,-1,-1,-1,-1,-1,-1,-1,-1,-1
61,2018,263,-1.0,-1,-1.0,-1,-1.0,-1,-1.0,-1,-1.0,-1,-1.0,-1,-1.0,-1,-1.0,-1,-1.0,-1,-1.0,-1,0.9480613470077515,-1,1.02,1,0.9066407487735454,-1,1.02,1,-1.0,-1,-1.0,-1,-1.0,-1.0,-1.0,-1,-1.0,-1.0,-1.0,-1,-1.0,-1,-1.0,-1,-1.0,-1.0,-1.0,-1,0.9468378202647579,0.784,0.088,1,0.8712233304977417,-1,1.02,1,-1.0,-1,-1.0,-1,-1.0,-1.0,-1.0,-1,-1.0,-1.0,-1.0,-1,-1.0,-1.0,-1.0,-1,0.8997758696245592,0.856,0.056,3,-1.0,-1.0,-1.0,-1,0.8643078804016113,-1,1.02,1,-1.0,-1,-1.0,-1,-1.0,-1,-1.0,-1,-1.0,-1.0,-1.0,-1,-1.0,-1.0,-1.0,-1,-1,-1,-1,-1,0.9526929259300232,-1,1.02,1,-1,-1,-1,-1,-1.0,-1,-1.0,-1,-1.0,-1,-1.0,-1,-1.0,-1,-1.0,-1,0.9285548876218608,-1,1.02,1,-1,-1,-1,-1,-1,-1,-1,-1,-1,-1,-1,-1
62,2018,293,-1.0,-1,-1.0,-1,-1.0,-1,-1.0,-1,-1.0,-1,-1.0,-1,-1.0,-1,-1.0,-1,-1.0,-1,-1.0,-1,-1.0,-1,-1.0,-1,-1.0,-1,-1.0,-1,-1.0,-1,-1.0,-1,-1.0,-1.0,-1.0,-1,-1.0,-1.0,-1.0,-1,-1.0,-1,-1.0,-1,-1.0,-1.0,-1.0,-1,-1.0,-1.0,-1.0,-1,-1.0,-1,-1.0,-1,-1.0,-1,-1.0,-1,-1.0,-1.0,-1.0,-1,-1.0,-1.0,-1.0,-1,-1.0,-1.0,-1.0,-1,-1.0,-1.0,-1.0,-1,-1.0,-1.0,-1.0,-1,-1.0,-1,-1.0,-1,-1.0,-1,-1.0,-1,-1.0,-1,-1.0,-1,-1.0,-1.0,-1.0,-1,-1.0,-1.0,-1.0,-1,-1,-1,-1,-1,-1.0,-1,-1.0,-1,-1,-1,-1,-1,-1.0,-1,-1.0,-1,-1.0,-1,-1.0,-1,-1.0,-1,-1.0,-1,-1.0,-1,-1.0,-1,-1,-1,-1,-1,-1,-1,-1,-1,-1,-1,-1,-1
63,2018,344,-1.0,-1,-1.0,-1,-1.0,-1,-1.0,-1,-1.0,-1,-1.0,-1,-1.0,-1,-1.0,-1,-1.0,-1,-1.0,-1,-1.0,-1,-1.0,-1,0.6973859470040846,-1,1.02,1,-1.0,-1,-1.0,-1,-1.0,-1.0,-1.0,-1,-1.0,-1.0,-1.0,-1,-1.0,-1,-1.0,-1,-1.0,-1.0,-1.0,-1,-1.0,-1.0,-1.0,-1,-1.0,-1,-1.0,-1,0.5248566265470289,-1,1.02,1,-1.0,-1.0,-1.0,-1,-1.0,-1.0,-1.0,-1,-1.0,-1.0,-1.0,-1,-1.0,-1.0,-1.0,-1,-1.0,-1.0,-1.0,-1,-1.0,-1,-1.0,-1,-1.0,-1,-1.0,-1,-1.0,-1,-1.0,-1,-1.0,-1.0,-1.0,-1,0.9076690234412195,0.548,0.06,3,-1,-1,-1,-1,-1.0,-1,-1.0,-1,-1,-1,-1,-1,-1.0,-1,-1.0,-1,-1.0,-1,-1.0,-1,-1.0,-1,-1.0,-1,-1.0,-1,-1.0,-1,-1,-1,-1,-1,-1,-1,-1,-1,-1,-1,-1,-1
64,2019,171,-1.0,-1,-1.0,-1,-1.0,-1,-1.0,-1,-1.0,-1,-1.0,-1,-1.0,-1,-1.0,-1,-1.0,-1,-1.0,-1,0.8565459025317225,-1,1.02,1,0.8789934697389319,-1,1.02,1,-1.0,-1,-1.0,-1,-1.0,-1.0,-1.0,-1,0.8649706380555824,0.708,0.064,1,0.849879949991339,-1,1.02,1,0.8188468978254502,0.716,0.084,1,0.8996296078726953,0.776,0.1,1,0.6559606251017801,-1,1.02,1,-1.0,-1,-1.0,-1,-1.0,-1.0,-1.0,-1,0.9292577505111694,0.932,0.056,1,0.9165101755104791,0.876,0.092,1,0.8529856251351051,0.884,0.1,1,-1.0,-1.0,-1.0,-1,0.7647458806757979,-1,1.02,1,-1.0,-1,-1.0,-1,-1.0,-1,-1.0,-1,-1.0,-1.0,-1.0,-1,0.8905798338539677,0.736,0.068,1,-1,-1,-1,-1,0.9313924312591553,-1,1.02,1,-1,-1,-1,-1,-1.0,-1,-1.0,-1,-1.0,-1,-1.0,-1,-1.0,-1,-1.0,-1,-1.0,-1,-1.0,-1,-1,-1,-1,-1,-1,-1,-1,-1,-1,-1,-1,-1
65,2019,181,0.791213213663383,-1,1.02,1,-1.0,-1,-1.0,-1,-1.0,-1,-1.0,-1,-1.0,-1,-1.0,-1,0.8766631681439202,-1,1.02,1,0.8985642194747925,-1,1.02,1,0.8555641630741986,-1,1.02,1,0.7523523693029978,-1,1.02,1,0.8979057669639587,0.704,0.104,1,0.8784699645273539,0.708,0.052,1,0.8735957298372766,-1,1.02,1,-1.0,-1.0,-1.0,-1,0.9296574324977641,0.8,0.068,1,-1.0,-1,-1.0,-1,-1.0,-1,-1.0,-1,-1.0,-1.0,-1.0,-1,0.9281788509467552,0.928,0.028,1,0.9234871950075828,0.924,0.1,1,0.8696815870051013,0.916,0.088,1,0.8785692298500408,0.744,0.104,1,-1.0,-1,-1.0,-1,0.7824201962630737,-1,1.02,1,0.800768313453257,-1,1.02,1,0.8291730686948804,0.644,0.12,1,0.9056925050710526,0.78,0.088,1,-1,-1,-1,-1,0.9390914440155029,-1,1.02,1,-1,-1,-1,-1,-1.0,-1,-1.0,-1,0.7028460810924398,-1,1.02,1,0.7277611855949674,-1,1.02,1,0.8736322094213786,-1,1.02,1,-1,-1,-1,-1,-1,-1,-1,-1,-1,-1,-1,-1
66,2019,201,-1.0,-1,-1.0,-1,-1.0,-1,-1.0,-1,-1.0,-1,-1.0,-1,-1.0,-1,-1.0,-1,-1.0,-1,-1.0,-1,-1.0,-1,-1.0,-1,-1.0,-1,-1.0,-1,-1.0,-1,-1.0,-1,-1.0,-1.0,-1.0,-1,-1.0,-1.0,-1.0,-1,-1.0,-1,-1.0,-1,-1.0,-1.0,-1.0,-1,-1.0,-1.0,-1.0,-1,-1.0,-1,-1.0,-1,-1.0,-1,-1.0,-1,-1.0,-1.0,-1.0,-1,-1.0,-1.0,-1.0,-1,-1.0,-1.0,-1.0,-1,-1.0,-1.0,-1.0,-1,-1.0,-1.0,-1.0,-1,-1.0,-1,-1.0,-1,-1.0,-1,-1.0,-1,-1.0,-1,-1.0,-1,-1.0,-1.0,-1.0,-1,-1.0,-1.0,-1.0,-1,-1,-1,-1,-1,-1.0,-1,-1.0,-1,-1,-1,-1,-1,-1.0,-1,-1.0,-1,-1.0,-1,-1.0,-1,-1.0,-1,-1.0,-1,-1.0,-1,-1.0,-1,-1,-1,-1,-1,-1,-1,-1,-1,-1,-1,-1,-1
67,2019,222,0.8312522379195162,-1,1.02,1,0.8249495592185349,-1,1.02,1,0.803869542229939,-1,1.02,1,0.8817626534120648,-1,1.02,1,0.8813556112952489,-1,1.02,1,0.9423279166221619,-1,1.02,1,0.8010871764737559,-1,1.02,1,-1.0,-1,-1.0,-1,0.9458224177360535,0.92,0.08,1,0.9161710234320893,0.852,0.044,1,-1.0,-1,-1.0,-1,-1.0,-1.0,-1.0,-1,0.9353983519332749,0.876,0.076,1,-1.0,-1,-1.0,-1,0.9021635055541992,-1,1.02,1,0.943249523639679,0.936,0.044,1,0.9382796287536621,0.932,0.008,1,-1.0,-1.0,-1.0,-1,-1.0,-1.0,-1.0,-1,-1.0,-1.0,-1.0,-1,0.8485970179617901,-1,1.02,1,0.8348665191181774,-1,1.02,1,0.7555626690316852,-1,1.02,1,0.9314979314804077,0.868,0.04,1,0.9110614632596301,0.928,0.028,1,-1,-1,-1,-1,0.921978444888674,-1,1.02,1,-1,-1,-1,-1,0.8962769018752235,-1,1.02,1,-1.0,-1,-1.0,-1,-1.0,-1,-1.0,-1,-1.0,-1,-1.0,-1,-1,-1,-1,-1,-1,-1,-1,-1,-1,-1,-1,-1
68,2019,232,-1.0,-1,-1.0,-1,-1.0,-1,-1.0,-1,-1.0,-1,-1.0,-1,-1.0,-1,-1.0,-1,-1.0,-1,-1.0,-1,-1.0,-1,-1.0,-1,-1.0,-1,-1.0,-1,-1.0,-1,-1.0,-1,-1.0,-1.0,-1.0,-1,-1.0,-1.0,-1.0,-1,-1.0,-1,-1.0,-1,-1.0,-1.0,-1.0,-1,-1.0,-1.0,-1.0,-1,-1.0,-1,-1.0,-1,-1.0,-1,-1.0,-1,-1.0,-1.0,-1.0,-1,-1.0,-1.0,-1.0,-1,-1.0,-1.0,-1.0,-1,-1.0,-1.0,-1.0,-1,-1.0,-1.0,-1.0,-1,-1.0,-1,-1.0,-1,-1.0,-1,-1.0,-1,-1.0,-1,-1.0,-1,-1.0,-1.0,-1.0,-1,-1.0,-1.0,-1.0,-1,-1,-1,-1,-1,-1.0,-1,-1.0,-1,-1,-1,-1,-1,-1.0,-1,-1.0,-1,-1.0,-1,-1.0,-1,-1.0,-1,-1.0,-1,-1.0,-1,-1.0,-1,-1,-1,-1,-1,-1,-1,-1,-1,-1,-1,-1,-1
69,2019,253,-1.0,-1,-1.0,-1,-1.0,-1,-1.0,-1,-1.0,-1,-1.0,-1,-1.0,-1,-1.0,-1,-1.0,-1,-1.0,-1,-1.0,-1,-1.0,-1,-1.0,-1,-1.0,-1,-1.0,-1,-1.0,-1,-1.0,-1.0,-1.0,-1,-1.0,-1.0,-1.0,-1,-1.0,-1,-1.0,-1,-1.0,-1.0,-1.0,-1,-1.0,-1.0,-1.0,-1,-1.0,-1,-1.0,-1,-1.0,-1,-1.0,-1,-1.0,-1.0,-1.0,-1,-1.0,-1.0,-1.0,-1,-1.0,-1.0,-1.0,-1,-1.0,-1.0,-1.0,-1,-1.0,-1.0,-1.0,-1,-1.0,-1,-1.0,-1,-1.0,-1,-1.0,-1,-1.0,-1,-1.0,-1,-1.0,-1.0,-1.0,-1,-1.0,-1.0,-1.0,-1,-1,-1,-1,-1,-1.0,-1,-1.0,-1,-1,-1,-1,-1,-1.0,-1,-1.0,-1,-1.0,-1,-1.0,-1,-1.0,-1,-1.0,-1,-1.0,-1,-1.0,-1,-1,-1,-1,-1,-1,-1,-1,-1,-1,-1,-1,-1
70,2019,263,0.8407855604963349,-1,1.02,1,0.8642370413798356,-1,1.02,1,-1.0,-1,-1.0,-1,-1.0,-1,-1.0,-1,0.8669779864233211,-1,1.02,1,0.9261627793312073,-1,1.02,1,0.8144707393419445,-1,1.02,1,-1.0,-1,-1.0,-1,0.9425634145736694,0.828,0.104,1,0.9206239149278524,0.788,0.072,1,-1.0,-1,-1.0,-1,0.9216318457724644,0.748,0.104,1,0.9346044387440292,0.82,0.096,1,0.916266679763794,-1,1.02,1,0.8778330765921494,-1,1.02,1,0.9465423226356506,0.876,0.068,1,0.9418688416481018,0.884,0.068,1,0.9365108013153076,0.876,0.056,1,0.8982963166718686,0.864,0.056,1,0.9001485849248951,0.78,0.088,1,0.851957760086808,-1,1.02,1,0.7795023932098755,-1,1.02,1,0.7701183867936469,-1,1.02,1,0.9216156881577863,0.776,0.068,1,0.9334806203842163,0.856,0.056,1,-1,-1,-1,-1,0.9434190392494202,-1,1.02,1,-1,-1,-1,-1,0.8673896789550781,-1,1.02,1,0.8163360357284546,-1,1.02,1,0.9112403754677091,-1,1.02,1,0.8924800542921856,-1,1.02,1,-1,-1,-1,-1,-1,-1,-1,-1,-1,-1,-1,-1
71,2019,293,0.7986263764168828,-1,1.02,1,0.6149820425280776,-1,1.02,1,-1.0,-1,-1.0,-1,-1.0,-1,-1.0,-1,0.8187333696253699,-1,1.02,1,0.8677852153778076,-1,1.02,1,0.8539556687283602,-1,1.02,1,0.8337601829244166,-1,1.02,1,0.8678756952285767,0.516,0.14,1,0.8479198533661512,0.508,0.1,1,-1.0,-1,-1.0,-1,-1.0,-1.0,-1.0,-1,0.9044315814971924,0.588,0.2,1,-1.0,-1,-1.0,-1,-1.0,-1,-1.0,-1,0.9142382740974426,0.632,0.12,1,0.9291998147964478,0.68,0.092,1,0.9279980659484863,0.676,0.096,1,-1.0,-1.0,-1.0,-1,0.861675598351239,0.548,0.084,1,-1.0,-1,-1.0,-1,-1.0,-1,-1.0,-1,0.8464001186112303,-1,1.02,1,-1.0,-1.0,-1.0,-1,0.9236199855804443,0.668,0.056,1,-1,-1,-1,-1,0.9379451274871826,-1,1.02,1,-1,-1,-1,-1,0.6192201908145633,-1,1.02,1,-1.0,-1,-1.0,-1,-1.0,-1,-1.0,-1,0.8547372224148858,-1,1.02,1,-1,-1,-1,-1,-1,-1,-1,-1,-1,-1,-1,-1
72,2019,314,-1.0,-1,-1.0,-1,-1.0,-1,-1.0,-1,-1.0,-1,-1.0,-1,-1.0,-1,-1.0,-1,-1.0,-1,-1.0,-1,-1.0,-1,-1.0,-1,-1.0,-1,-1.0,-1,-1.0,-1,-1.0,-1,-1.0,-1.0,-1.0,-1,-1.0,-1.0,-1.0,-1,-1.0,-1,-1.0,-1,-1.0,-1.0,-1.0,-1,-1.0,-1.0,-1.0,-1,-1.0,-1,-1.0,-1,-1.0,-1,-1.0,-1,-1.0,-1.0,-1.0,-1,-1.0,-1.0,-1.0,-1,-1.0,-1.0,-1.0,-1,-1.0,-1.0,-1.0,-1,-1.0,-1.0,-1.0,-1,-1.0,-1,-1.0,-1,-1.0,-1,-1.0,-1,-1.0,-1,-1.0,-1,-1.0,-1.0,-1.0,-1,-1.0,-1.0,-1.0,-1,-1,-1,-1,-1,-1.0,-1,-1.0,-1,-1,-1,-1,-1,-1.0,-1,-1.0,-1,-1.0,-1,-1.0,-1,-1.0,-1,-1.0,-1,-1.0,-1,-1.0,-1,-1,-1,-1,-1,-1,-1,-1,-1,-1,-1,-1,-1
73,2019,344,-1.0,-1,-1.0,-1,-1.0,-1,-1.0,-1,-1.0,-1,-1.0,-1,-1.0,-1,-1.0,-1,-1.0,-1,-1.0,-1,-1.0,-1,-1.0,-1,-1.0,-1,-1.0,-1,-1.0,-1,-1.0,-1,-1.0,-1.0,-1.0,-1,-1.0,-1.0,-1.0,-1,-1.0,-1,-1.0,-1,-1.0,-1.0,-1.0,-1,-1.0,-1.0,-1.0,-1,-1.0,-1,-1.0,-1,-1.0,-1,-1.0,-1,-1.0,-1.0,-1.0,-1,-1.0,-1.0,-1.0,-1,-1.0,-1.0,-1.0,-1,-1.0,-1.0,-1.0,-1,-1.0,-1.0,-1.0,-1,-1.0,-1,-1.0,-1,-1.0,-1,-1.0,-1,-1.0,-1,-1.0,-1,-1.0,-1.0,-1.0,-1,-1.0,-1.0,-1.0,-1,-1,-1,-1,-1,-1.0,-1,-1.0,-1,-1,-1,-1,-1,-1.0,-1,-1.0,-1,-1.0,-1,-1.0,-1,-1.0,-1,-1.0,-1,-1.0,-1,-1.0,-1,-1,-1,-1,-1,-1,-1,-1,-1,-1,-1,-1,-1
74,2020,10,-1.0,-1,-1.0,-1,-1.0,-1,-1.0,-1,-1.0,-1,-1.0,-1,-1.0,-1,-1.0,-1,-1.0,-1,-1.0,-1,-1.0,-1,-1.0,-1,-1.0,-1,-1.0,-1,-1.0,-1,-1.0,-1,-1.0,-1.0,-1.0,-1,-1.0,-1.0,-1.0,-1,-1.0,-1,-1.0,-1,-1.0,-1.0,-1.0,-1,-1.0,-1.0,-1.0,-1,-1.0,-1,-1.0,-1,-1.0,-1,-1.0,-1,-1.0,-1.0,-1.0,-1,-1.0,-1.0,-1.0,-1,-1.0,-1.0,-1.0,-1,-1.0,-1.0,-1.0,-1,-1.0,-1.0,-1.0,-1,-1.0,-1,-1.0,-1,-1.0,-1,-1.0,-1,-1.0,-1,-1.0,-1,-1.0,-1.0,-1.0,-1,-1.0,-1.0,-1.0,-1,-1,-1,-1,-1,-1.0,-1,-1.0,-1,-1,-1,-1,-1,-1.0,-1,-1.0,-1,-1.0,-1,-1.0,-1,-1.0,-1,-1.0,-1,-1.0,-1,-1.0,-1,-1,-1,-1,-1,-1,-1,-1,-1,-1,-1,-1,-1
75,2020,80,-1.0,-1,-1.0,-1,-1.0,-1,-1.0,-1,-1.0,-1,-1.0,-1,-1.0,-1,-1.0,-1,-1.0,-1,-1.0,-1,-1.0,-1,-1.0,-1,-1.0,-1,-1.0,-1,-1.0,-1,-1.0,-1,-1.0,-1.0,-1.0,-1,-1.0,-1.0,-1.0,-1,-1.0,-1,-1.0,-1,-1.0,-1.0,-1.0,-1,-1.0,-1.0,-1.0,-1,-1.0,-1,-1.0,-1,-1.0,-1,-1.0,-1,-1.0,-1.0,-1.0,-1,-1.0,-1.0,-1.0,-1,-1.0,-1.0,-1.0,-1,-1.0,-1.0,-1.0,-1,-1.0,-1.0,-1.0,-1,-1.0,-1,-1.0,-1,-1.0,-1,-1.0,-1,-1.0,-1,-1.0,-1,-1.0,-1.0,-1.0,-1,-1.0,-1.0,-1.0,-1,-1,-1,-1,-1,-1.0,-1,-1.0,-1,-1,-1,-1,-1,-1.0,-1,-1.0,-1,-1.0,-1,-1.0,-1,-1.0,-1,-1.0,-1,-1.0,-1,-1.0,-1,-1,-1,-1,-1,-1,-1,-1,-1,-1,-1,-1,-1
76,2020,121,-1.0,-1,-1.0,-1,-1.0,-1,-1.0,-1,-1.0,-1,-1.0,-1,-1.0,-1,-1.0,-1,-1.0,-1,-1.0,-1,-1.0,-1,-1.0,-1,-1.0,-1,-1.0,-1,-1.0,-1,-1.0,-1,-1.0,-1.0,-1.0,-1,-1.0,-1.0,-1.0,-1,-1.0,-1,-1.0,-1,-1.0,-1.0,-1.0,-1,-1.0,-1.0,-1.0,-1,-1.0,-1,-1.0,-1,-1.0,-1,-1.0,-1,-1.0,-1.0,-1.0,-1,-1.0,-1.0,-1.0,-1,-1.0,-1.0,-1.0,-1,-1.0,-1.0,-1.0,-1,-1.0,-1.0,-1.0,-1,-1.0,-1,-1.0,-1,-1.0,-1,-1.0,-1,-1.0,-1,-1.0,-1,-1.0,-1.0,-1.0,-1,-1.0,-1.0,-1.0,-1,-1,-1,-1,-1,-1.0,-1,-1.0,-1,-1,-1,-1,-1,-1.0,-1,-1.0,-1,-1.0,-1,-1.0,-1,-1.0,-1,-1.0,-1,-1.0,-1,-1.0,-1,-1,-1,-1,-1,-1,-1,-1,-1,-1,-1,-1,-1
77,2016,121,-1.0,-1,-1.0,-1,-1.0,-1,-1.0,-1,-1.0,-1,-1.0,-1,-1.0,-1,-1.0,-1,-1.0,-1,-1.0,-1,-1.0,-1,-1.0,-1,0.7780863046646118,-1,1.02,1,-1.0,-1,-1.0,-1,-1.0,-1.0,-1.0,-1,0.7106441690453461,0.252,0.08,1,-1.0,-1,-1.0,-1,-1.0,-1.0,-1.0,-1,-1.0,-1.0,-1.0,-1,-1.0,-1,-1.0,-1,-1.0,-1,-1.0,-1,-1.0,-1.0,-1.0,-1,0.8321818659458254,0.4,0.148,1,0.8641543984413147,0.412,0.12,1,-1.0,-1.0,-1.0,-1,-1.0,-1.0,-1.0,-1,-1.0,-1,-1.0,-1,-1.0,-1,-1.0,-1,0.7078635430364348,-1,1.02,1,-1.0,-1.0,-1.0,-1,0.8393548393929897,0.544,0.06,1,-1,-1,-1,-1,0.8073550286551414,-1,1.02,1,-1,-1,-1,-1,-1.0,-1,-1.0,-1,-1.0,-1,-1.0,-1,-1.0,-1,-1.0,-1,-1.0,-1,-1.0,-1,-1,-1,-1,-1,-1,-1,-1,-1,-1,-1,-1,-1
78,2016,254,-1.0,-1,-1.0,-1,-1.0,-1,-1.0,-1,-1.0,-1,-1.0,-1,-1.0,-1,-1.0,-1,0.886874277541995,-1,1.02,1,0.9344951510429382,-1,1.02,1,0.859624348341639,-1,1.02,1,-1.0,-1,-1.0,-1,-1.0,-1.0,-1.0,-1,-1.0,-1.0,-1.0,-1,0.8854214052848628,-1,1.02,1,-1.0,-1.0,-1.0,-1,-1.0,-1.0,-1.0,-1,0.8170043543494981,-1,1.02,1,-1.0,-1,-1.0,-1,-1.0,-1.0,-1.0,-1,-1.0,-1.0,-1.0,-1,0.9421529769897461,0.936,0.032,3,-1.0,-1.0,-1.0,-1,-1.0,-1.0,-1.0,-1,-1.0,-1,-1.0,-1,-1.0,-1,-1.0,-1,0.8820224378111813,-1,1.02,1,0.9095867276191711,0.812,0.084,1,-1.0,-1.0,-1.0,-1,-1,-1,-1,-1,0.9452390074729919,-1,1.02,1,-1,-1,-1,-1,-1.0,-1,-1.0,-1,0.8818159699440002,-1,1.02,1,0.8985220193862915,-1,1.02,1,-1.0,-1,-1.0,-1,-1,-1,-1,-1,-1,-1,-1,-1,-1,-1,-1,-1
79,2016,274,0.8120958378602718,-1,1.02,1,0.7783750988073497,-1,1.02,1,-1.0,-1,-1.0,-1,0.8227761285058384,-1,1.02,1,-1.0,-1,-1.0,-1,-1.0,-1,-1.0,-1,-1.0,-1,-1.0,-1,-1.0,-1,-1.0,-1,0.9293683171272278,0.676,0.104,1,0.9098545908927917,0.68,0.06,1,0.8952834606170654,-1,1.02,1,-1.0,-1.0,-1.0,-1,-1.0,-1.0,-1.0,-1,-1.0,-1,-1.0,-1,-1.0,-1,-1.0,-1,0.9114966950291827,0.904,0.068,1,0.9472085237503052,0.916,0.056,1,0.9464698433876038,0.9,0.064,3,-1.0,-1.0,-1.0,-1,-1.0,-1.0,-1.0,-1,-1.0,-1,-1.0,-1,-1.0,-1,-1.0,-1,-1.0,-1,-1.0,-1,-1.0,-1.0,-1.0,-1,0.9399457573890686,0.84,0.056,1,-1,-1,-1,-1,0.9468015749466243,-1,1.02,1,-1,-1,-1,-1,-1.0,-1,-1.0,-1,-1.0,-1,-1.0,-1,-1.0,-1,-1.0,-1,-1.0,-1,-1.0,-1,-1,-1,-1,-1,-1,-1,-1,-1,-1,-1,-1,-1
80,2016,294,-1.0,-1,-1.0,-1,-1.0,-1,-1.0,-1,-1.0,-1,-1.0,-1,0.8300974248564059,-1,1.02,1,-1.0,-1,-1.0,-1,-1.0,-1,-1.0,-1,-1.0,-1,-1.0,-1,-1.0,-1,-1.0,-1,-1.0,-1.0,-1.0,-1,-1.0,-1.0,-1.0,-1,0.8531245370510177,-1,1.02,1,-1.0,-1.0,-1.0,-1,-1.0,-1.0,-1.0,-1,-1.0,-1,-1.0,-1,-1.0,-1,-1.0,-1,-1.0,-1.0,-1.0,-1,-1.0,-1.0,-1.0,-1,-1.0,-1.0,-1.0,-1,-1.0,-1.0,-1.0,-1,-1.0,-1.0,-1.0,-1,-1.0,-1,-1.0,-1,-1.0,-1,-1.0,-1,-1.0,-1,-1.0,-1,0.8954613659475824,0.584,0.08,1,0.9447929859161377,0.76,0.104,1,-1,-1,-1,-1,0.9531978368759155,-1,1.02,1,-1,-1,-1,-1,-1.0,-1,-1.0,-1,-1.0,-1,-1.0,-1,-1.0,-1,-1.0,-1,-1.0,-1,-1.0,-1,-1,-1,-1,-1,-1,-1,-1,-1,-1,-1,-1,-1
81,2017,171,-1.0,-1,-1.0,-1,-1.0,-1,-1.0,-1,-1.0,-1,-1.0,-1,-1.0,-1,-1.0,-1,-1.0,-1,-1.0,-1,0.8523585191501185,-1,1.02,1,-1.0,-1,-1.0,-1,-1.0,-1,-1.0,-1,-1.0,-1.0,-1.0,-1,0.86820782257282,0.7,0.08,1,0.8075859423341423,-1,1.02,1,0.8182093391931334,0.76,0.1,1,0.8850480914115906,0.824,0.108,1,0.664235679900705,-1,1.02,1,-1.0,-1,-1.0,-1,-1.0,-1.0,-1.0,-1,0.9233982563018799,0.94,0.088,1,0.9078946709632874,0.912,0.024,1,0.8142712522528127,0.912,0.028,1,0.8878344394303308,0.688,0.128,1,-1.0,-1,-1.0,-1,-1.0,-1,-1.0,-1,-1.0,-1,-1.0,-1,-1.0,-1.0,-1.0,-1,0.8884233605563995,0.7,0.072,1,-1,-1,-1,-1,0.9294005036354065,-1,1.02,1,-1,-1,-1,-1,-1.0,-1,-1.0,-1,-1.0,-1,-1.0,-1,-1.0,-1,-1.0,-1,-1.0,-1,-1.0,-1,-1,-1,-1,-1,-1,-1,-1,-1,-1,-1,-1,-1
82,2017,273,0.863332211971283,-1,1.02,1,0.6690788313693297,-1,1.02,1,0.7035550149203521,-1,1.02,1,0.8226475080610314,-1,1.02,1,0.8454736546936662,-1,1.02,1,0.9224924445152283,-1,1.02,1,0.8593906760215759,-1,1.02,1,0.8058469152572204,-1,1.02,1,0.9401746392250061,0.696,0.076,1,0.9038975834846497,0.644,0.048,1,0.884803678455024,-1,1.02,1,-1.0,-1.0,-1.0,-1,-1.0,-1.0,-1.0,-1,0.8750863075256348,-1,1.02,1,0.8351937479573518,-1,1.02,1,0.9426960349082947,0.824,0.052,1,0.9358581304550171,0.82,0.056,1,-1.0,-1.0,-1.0,-1,-1.0,-1.0,-1.0,-1,-1.0,-1.0,-1.0,-1,0.782799037188894,-1,1.02,1,0.7478162566282479,-1,1.02,1,0.7515493266364198,-1,1.02,1,0.8977533578872681,0.62,0.048,1,0.8941619787431642,0.728,0.044,1,-1,-1,-1,-1,0.9427582025527954,-1,1.02,1,-1,-1,-1,-1,-1.0,-1,-1.0,-1,0.7244548216241921,-1,1.02,1,0.8669244548952093,-1,1.02,1,-1.0,-1,-1.0,-1,-1,-1,-1,-1,-1,-1,-1,-1,-1,-1,-1,-1
83,2018,100,-1.0,-1,-1.0,-1,-1.0,-1,-1.0,-1,-1.0,-1,-1.0,-1,-1.0,-1,-1.0,-1,-1.0,-1,-1.0,-1,0.7268147612440174,-1,1.02,1,-1.0,-1,-1.0,-1,-1.0,-1,-1.0,-1,-1.0,-1.0,-1.0,-1,-1.0,-1.0,-1.0,-1,-1.0,-1,-1.0,-1,-1.0,-1.0,-1.0,-1,-1.0,-1.0,-1.0,-1,-1.0,-1,-1.0,-1,-1.0,-1,-1.0,-1,0.7416083276909682,0.352,0.032,1,0.8212440285483017,0.496,0.032,1,0.8413987755775452,0.472,0.04,1,-1.0,-1.0,-1.0,-1,-1.0,-1.0,-1.0,-1,-1.0,-1,-1.0,-1,-1.0,-1,-1.0,-1,-1.0,-1,-1.0,-1,-1.0,-1.0,-1.0,-1,0.8026356918207955,0.444,0.04,1,-1,-1,-1,-1,0.7813673815116506,-1,1.02,1,-1,-1,-1,-1,-1.0,-1,-1.0,-1,-1.0,-1,-1.0,-1,-1.0,-1,-1.0,-1,-1.0,-1,-1.0,-1,-1,-1,-1,-1,-1,-1,-1,-1,-1,-1,-1,-1
84,2018,120,-1.0,-1,-1.0,-1,-1.0,-1,-1.0,-1,-1.0,-1,-1.0,-1,-1.0,-1,-1.0,-1,-1.0,-1,-1.0,-1,-1.0,-1,-1.0,-1,-1.0,-1,-1.0,-1,-1.0,-1,-1.0,-1,-1.0,-1.0,-1.0,-1,-1.0,-1.0,-1.0,-1,-1.0,-1,-1.0,-1,-1.0,-1.0,-1.0,-1,-1.0,-1.0,-1.0,-1,-1.0,-1,-1.0,-1,-1.0,-1,-1.0,-1,-1.0,-1.0,-1.0,-1,0.8001234932926488,0.472,0.06,1,0.827650930311677,0.472,0.052,1,-1.0,-1.0,-1.0,-1,-1.0,-1.0,-1.0,-1,-1.0,-1,-1.0,-1,-1.0,-1,-1.0,-1,0.6900116652427474,-1,1.02,1,-1.0,-1.0,-1.0,-1,-1.0,-1.0,-1.0,-1,-1,-1,-1,-1,-1.0,-1,-1.0,-1,-1,-1,-1,-1,-1.0,-1,-1.0,-1,-1.0,-1,-1.0,-1,-1.0,-1,-1.0,-1,-1.0,-1,-1.0,-1,-1,-1,-1,-1,-1,-1,-1,-1,-1,-1,-1,-1
85,2018,130,-1.0,-1,-1.0,-1,-1.0,-1,-1.0,-1,-1.0,-1,-1.0,-1,-1.0,-1,-1.0,-1,-1.0,-1,-1.0,-1,0.7444756349612927,-1,1.02,1,-1.0,-1,-1.0,-1,-1.0,-1,-1.0,-1,-1.0,-1.0,-1.0,-1,0.7256992962591502,0.34,0.132,1,0.734450302907986,-1,1.02,1,-1.0,-1.0,-1.0,-1,-1.0,-1.0,-1.0,-1,-1.0,-1,-1.0,-1,-1.0,-1,-1.0,-1,-1.0,-1.0,-1.0,-1,0.8333720164052372,0.5,0.164,1,0.8348175287246704,0.504,0.156,1,-1.0,-1.0,-1.0,-1,0.7596525818549941,0.328,0.116,1,-1.0,-1,-1.0,-1,-1.0,-1,-1.0,-1,-1.0,-1,-1.0,-1,-1.0,-1.0,-1.0,-1,0.8099408594805052,0.452,0.12,1,-1,-1,-1,-1,0.7924162930455702,-1,1.02,1,-1,-1,-1,-1,-1.0,-1,-1.0,-1,-1.0,-1,-1.0,-1,-1.0,-1,-1.0,-1,-1.0,-1,-1.0,-1,-1,-1,-1,-1,-1,-1,-1,-1,-1,-1,-1,-1
86,2018,140,-1.0,-1,-1.0,-1,-1.0,-1,-1.0,-1,-1.0,-1,-1.0,-1,-1.0,-1,-1.0,-1,-1.0,-1,-1.0,-1,0.8089966263089862,-1,1.02,1,-1.0,-1,-1.0,-1,-1.0,-1,-1.0,-1,-1.0,-1.0,-1.0,-1,0.8127467686272397,0.512,0.124,1,0.7894041366471446,-1,1.02,1,-1.0,-1.0,-1.0,-1,-1.0,-1.0,-1.0,-1,-1.0,-1,-1.0,-1,-1.0,-1,-1.0,-1,0.8200706660251413,0.66,0.2,1,0.8796323537826538,0.744,0.192,1,0.8644643343019429,0.688,0.16,1,-1.0,-1.0,-1.0,-1,-1.0,-1.0,-1.0,-1,-1.0,-1,-1.0,-1,-1.0,-1,-1.0,-1,-1.0,-1,-1.0,-1,0.7285009456679151,0.476,0.08,1,0.8552582263946533,0.612,0.14,1,-1,-1,-1,-1,0.8465449810028076,-1,1.02,1,-1,-1,-1,-1,-1.0,-1,-1.0,-1,-1.0,-1,-1.0,-1,-1.0,-1,-1.0,-1,-1.0,-1,-1.0,-1,-1,-1,-1,-1,-1,-1,-1,-1,-1,-1,-1,-1
87,2018,171,-1.0,-1,-1.0,-1,-1.0,-1,-1.0,-1,-1.0,-1,-1.0,-1,-1.0,-1,-1.0,-1,-1.0,-1,-1.0,-1,0.8517247854635633,-1,1.02,1,-1.0,-1,-1.0,-1,-1.0,-1,-1.0,-1,-1.0,-1.0,-1.0,-1,0.8634352892333147,0.728,0.1,1,0.83340679395375,-1,1.02,1,-1.0,-1.0,-1.0,-1,-1.0,-1.0,-1.0,-1,-1.0,-1,-1.0,-1,-1.0,-1,-1.0,-1,-1.0,-1.0,-1.0,-1,0.9249078035354614,0.92,0.032,1,0.913610577583313,0.912,0.044,1,0.8192333599138757,0.924,0.048,1,0.8914888379315438,0.696,0.088,1,-1.0,-1,-1.0,-1,-1.0,-1,-1.0,-1,-1.0,-1,-1.0,-1,-1.0,-1.0,-1.0,-1,0.9147279262542725,0.844,0.108,1,-1,-1,-1,-1,0.9278298616409302,-1,1.02,1,-1,-1,-1,-1,-1.0,-1,-1.0,-1,-1.0,-1,-1.0,-1,-1.0,-1,-1.0,-1,0.8187198608820074,-1,1.02,1,-1,-1,-1,-1,-1,-1,-1,-1,-1,-1,-1,-1
88,2018,181,0.7539473015246133,-1,1.02,1,-1.0,-1,-1.0,-1,-1.0,-1,-1.0,-1,-1.0,-1,-1.0,-1,-1.0,-1,-1.0,-1,0.9062526226043701,-1,1.02,1,-1.0,-1,-1.0,-1,-1.0,-1,-1.0,-1,-1.0,-1.0,-1.0,-1,0.884451013058424,0.78,0.1,1,0.8572582485053339,-1,1.02,1,0.8327902601505831,0.84,0.112,1,0.9005398750305176,0.856,0.088,1,-1.0,-1,-1.0,-1,0.812650203704834,-1,1.02,1,0.9058998823165894,0.912,0.048,1,0.9329530596733093,0.924,0.024,1,0.919619083404541,0.92,0.016,1,0.8600431234480959,0.92,0.016,1,0.900561602098014,0.756,0.096,1,0.748356350395257,-1,1.02,1,0.7679218628576824,-1,1.02,1,-1.0,-1,-1.0,-1,-1.0,-1.0,-1.0,-1,0.9185298681259155,0.808,0.036,1,-1,-1,-1,-1,0.9333910942077637,-1,1.02,1,-1,-1,-1,-1,0.8131289375679833,-1,1.02,1,0.8052771813763774,-1,1.02,1,-1.0,-1,-1.0,-1,0.880243379641049,-1,1.02,1,-1,-1,-1,-1,-1,-1,-1,-1,-1,-1,-1,-1
89,2018,191,0.7810927714620318,-1,1.02,1,-1.0,-1,-1.0,-1,-1.0,-1,-1.0,-1,0.8269258687243876,-1,1.02,1,-1.0,-1,-1.0,-1,0.9182903170585632,-1,1.02,1,-1.0,-1,-1.0,-1,-1.0,-1,-1.0,-1,-1.0,-1.0,-1.0,-1,0.8937770357849647,0.832,0.068,1,0.8628681561923379,-1,1.02,1,0.853167437635783,0.892,0.044,1,0.906927788440062,0.908,0.052,1,-1.0,-1,-1.0,-1,0.8362440094718793,-1,1.02,1,0.9027665853500366,0.924,0.02,1,0.9302408695220947,0.94,0.036,1,0.9201620817184448,0.924,0.016,1,0.8632825084371192,0.912,0.024,1,0.894042536175897,0.788,0.052,1,0.7653026505684597,-1,1.02,1,0.8051083592945719,-1,1.02,1,-1.0,-1,-1.0,-1,-1.0,-1.0,-1.0,-1,0.91665118932724,0.828,0.036,1,-1,-1,-1,-1,0.9323955774307251,-1,1.02,1,-1,-1,-1,-1,0.8255701364607227,-1,1.02,1,-1.0,-1,-1.0,-1,-1.0,-1,-1.0,-1,0.8905747631940936,-1,1.02,1,-1,-1,-1,-1,-1,-1,-1,-1,-1,-1,-1,-1
90,2018,191,0.8244502860043437,-1,1.02,1,-1.0,-1,-1.0,-1,-1.0,-1,-1.0,-1,0.8637186627609126,-1,1.02,1,-1.0,-1,-1.0,-1,0.9324983954429626,-1,1.02,1,-1.0,-1,-1.0,-1,0.8148274159401047,-1,1.02,1,-1.0,-1.0,-1.0,-1,0.9055797033468072,0.832,0.068,1,0.8772823283531396,-1,1.02,1,0.8916700950690678,0.892,0.044,1,0.9229217590574099,0.908,0.052,1,0.8268550038337708,-1,1.02,1,0.8757139444351196,-1,1.02,1,0.9129384756088257,0.924,0.02,1,0.9360045790672302,0.94,0.036,1,0.924589216709137,0.924,0.016,1,0.8773703386808455,0.912,0.024,1,0.9081287912547295,0.788,0.052,1,0.7881850600242615,-1,1.02,1,0.8364526620639369,-1,1.02,1,-1.0,-1,-1.0,-1,0.8207834871678517,0.604,0.048,1,0.9180979132652283,0.828,0.036,1,-1,-1,-1,-1,0.9373390078544617,-1,1.02,1,-1,-1,-1,-1,0.8442403037025004,-1,1.02,1,0.7609759569168091,-1,1.02,1,-1.0,-1,-1.0,-1,0.8950894335514219,-1,1.02,1,-1,-1,-1,-1,-1,-1,-1,-1,-1,-1,-1,-1
91,2018,201,-1.0,-1,-1.0,-1,-1.0,-1,-1.0,-1,-1.0,-1,-1.0,-1,-1.0,-1,-1.0,-1,-1.0,-1,-1.0,-1,-1.0,-1,-1.0,-1,-1.0,-1,-1.0,-1,-1.0,-1,-1.0,-1,-1.0,-1.0,-1.0,-1,-1.0,-1.0,-1.0,-1,-1.0,-1,-1.0,-1,-1.0,-1.0,-1.0,-1,-1.0,-1.0,-1.0,-1,-1.0,-1,-1.0,-1,-1.0,-1,-1.0,-1,-1.0,-1.0,-1.0,-1,-1.0,-1.0,-1.0,-1,-1.0,-1.0,-1.0,-1,-1.0,-1.0,-1.0,-1,-1.0,-1.0,-1.0,-1,-1.0,-1,-1.0,-1,-1.0,-1,-1.0,-1,-1.0,-1,-1.0,-1,-1.0,-1.0,-1.0,-1,-1.0,-1.0,-1.0,-1,-1,-1,-1,-1,-1.0,-1,-1.0,-1,-1,-1,-1,-1,-1.0,-1,-1.0,-1,-1.0,-1,-1.0,-1,-1.0,-1,-1.0,-1,-1.0,-1,-1.0,-1,-1,-1,-1,-1,-1,-1,-1,-1,-1,-1,-1,-1
92,2018,253,-1.0,-1,-1.0,-1,-1.0,-1,-1.0,-1,-1.0,-1,-1.0,-1,0.9421806335449219,-1,1.02,1,-1.0,-1,-1.0,-1,-1.0,-1,-1.0,-1,-1.0,-1,-1.0,-1,-1.0,-1,-1.0,-1,-1.0,-1.0,-1.0,-1,-1.0,-1.0,-1.0,-1,0.8980173058991362,-1,1.02,1,-1.0,-1.0,-1.0,-1,0.9213865590947015,0.86,0.084,1,-1.0,-1,-1.0,-1,-1.0,-1,-1.0,-1,-1.0,-1.0,-1.0,-1,-1.0,-1.0,-1.0,-1,-1.0,-1.0,-1.0,-1,-1.0,-1.0,-1.0,-1,-1.0,-1.0,-1.0,-1,-1.0,-1,-1.0,-1,-1.0,-1,-1.0,-1,-1.0,-1,-1.0,-1,-1.0,-1.0,-1.0,-1,-1.0,-1.0,-1.0,-1,-1,-1,-1,-1,-1.0,-1,-1.0,-1,-1,-1,-1,-1,-1.0,-1,-1.0,-1,-1.0,-1,-1.0,-1,-1.0,-1,-1.0,-1,-1.0,-1,-1.0,-1,-1,-1,-1,-1,-1,-1,-1,-1,-1,-1,-1,-1
93,2018,273,-1.0,-1,-1.0,-1,-1.0,-1,-1.0,-1,-1.0,-1,-1.0,-1,-1.0,-1,-1.0,-1,-1.0,-1,-1.0,-1,-1.0,-1,-1.0,-1,-1.0,-1,-1.0,-1,-1.0,-1,-1.0,-1,0.899404764175415,0.664,0.12,1,0.899523986997653,0.692,0.104,1,0.9040846315951183,-1,1.02,1,-1.0,-1.0,-1.0,-1,-1.0,-1.0,-1.0,-1,-1.0,-1,-1.0,-1,-1.0,-1,-1.0,-1,0.9413591027259827,0.82,0.172,1,0.9063070483982857,0.844,0.112,1,-1.0,-1.0,-1.0,-1,-1.0,-1.0,-1.0,-1,-1.0,-1.0,-1.0,-1,-1.0,-1,-1.0,-1,-1.0,-1,-1.0,-1,-1.0,-1,-1.0,-1,-1.0,-1.0,-1.0,-1,-1.0,-1.0,-1.0,-1,-1,-1,-1,-1,0.9516984820365906,-1,1.02,1,-1,-1,-1,-1,-1.0,-1,-1.0,-1,-1.0,-1,-1.0,-1,0.7896925306745938,-1,1.02,1,-1.0,-1,-1.0,-1,-1,-1,-1,-1,-1,-1,-1,-1,-1,-1,-1,-1
94,2018,283,0.8370127467979939,-1,1.02,1,-1.0,-1,-1.0,-1,-1.0,-1,-1.0,-1,0.8625330054660756,-1,1.02,1,0.8911326541457065,-1,1.02,1,0.925651490688324,-1,1.02,1,0.8906216647622135,-1,1.02,1,0.8406514525413513,-1,1.02,1,0.9015209674835205,0.608,0.12,1,-1.0,-1.0,-1.0,-1,0.8768297730408279,-1,1.02,1,-1.0,-1.0,-1.0,-1,0.9188601337373257,0.66,0.152,1,0.7467789889262815,-1,1.02,1,0.8272450927443105,-1,1.02,1,0.9309705495834351,0.688,0.196,1,0.9484975337982178,0.776,0.104,1,0.9460299611091614,0.772,0.096,1,0.8529489195241676,0.78,0.12,1,-1.0,-1.0,-1.0,-1,-1.0,-1,-1.0,-1,-1.0,-1,-1.0,-1,0.7898032069206238,-1,1.02,1,0.9001936912536621,0.608,0.132,1,0.9484682083129883,0.716,0.112,1,-1,-1,-1,-1,0.9502425789833069,-1,1.02,1,-1,-1,-1,-1,0.8128069078131598,-1,1.02,1,0.7827733159065247,-1,1.02,1,0.7930844483935103,-1,1.02,1,0.9022820882609325,-1,1.02,1,-1,-1,-1,-1,-1,-1,-1,-1,-1,-1,-1,-1
95,2018,283,0.8176288252393601,-1,1.02,1,-1.0,-1,-1.0,-1,-1.0,-1,-1.0,-1,0.8519901037216187,-1,1.02,1,0.8663727411195193,-1,1.02,1,0.9190555810928345,-1,1.02,1,0.8478332052049399,-1,1.02,1,0.7761856311438035,-1,1.02,1,0.8732354541864301,0.608,0.12,1,0.9037825830128728,0.644,0.108,1,0.9089044332504272,-1,1.02,1,-1.0,-1.0,-1.0,-1,0.9165718135785084,0.66,0.152,1,-1.0,-1,-1.0,-1,0.8031380769654448,-1,1.02,1,0.9238724708557129,0.688,0.196,1,0.944255530834198,0.776,0.104,1,0.9427507519721985,0.772,0.096,1,0.8804821749161794,0.78,0.12,1,0.9072946101573888,0.596,0.1,1,0.7833732450192663,-1,1.02,1,-1.0,-1,-1.0,-1,-1.0,-1,-1.0,-1,0.8287452755890456,0.608,0.132,1,0.9450728297233582,0.716,0.112,1,-1,-1,-1,-1,0.9510645866394043,-1,1.02,1,-1,-1,-1,-1,0.7740212038767581,-1,1.02,1,-1.0,-1,-1.0,-1,0.7437130623326009,-1,1.02,1,0.8861262880522629,-1,1.02,1,-1,-1,-1,-1,-1,-1,-1,-1,-1,-1,-1,-1
96,2018,334,-1.0,-1,-1.0,-1,-1.0,-1,-1.0,-1,-1.0,-1,-1.0,-1,-1.0,-1,-1.0,-1,-1.0,-1,-1.0,-1,-1.0,-1,-1.0,-1,-1.0,-1,-1.0,-1,-1.0,-1,-1.0,-1,-1.0,-1.0,-1.0,-1,-1.0,-1.0,-1.0,-1,-1.0,-1,-1.0,-1,-1.0,-1.0,-1.0,-1,-1.0,-1.0,-1.0,-1,-1.0,-1,-1.0,-1,-1.0,-1,-1.0,-1,-1.0,-1.0,-1.0,-1,0.915102196591241,0.604,0.136,1,-1.0,-1.0,-1.0,-1,-1.0,-1.0,-1.0,-1,-1.0,-1.0,-1.0,-1,-1.0,-1,-1.0,-1,-1.0,-1,-1.0,-1,-1.0,-1,-1.0,-1,-1.0,-1.0,-1.0,-1,0.8765908977222783,0.536,0.12,1,-1,-1,-1,-1,-1.0,-1,-1.0,-1,-1,-1,-1,-1,-1.0,-1,-1.0,-1,-1.0,-1,-1.0,-1,-1.0,-1,-1.0,-1,-1.0,-1,-1.0,-1,-1,-1,-1,-1,-1,-1,-1,-1,-1,-1,-1,-1
97,2018,354,-1.0,-1,-1.0,-1,-1.0,-1,-1.0,-1,-1.0,-1,-1.0,-1,-1.0,-1,-1.0,-1,-1.0,-1,-1.0,-1,-1.0,-1,-1.0,-1,-1.0,-1,-1.0,-1,-1.0,-1,-1.0,-1,-1.0,-1.0,-1.0,-1,0.8333251853378452,0.348,0.036,3,-1.0,-1,-1.0,-1,-1.0,-1.0,-1.0,-1,-1.0,-1.0,-1.0,-1,-1.0,-1,-1.0,-1,-1.0,-1,-1.0,-1,-1.0,-1.0,-1.0,-1,0.9198258814259703,0.56,0.1,3,0.9284332394599915,0.576,0.072,3,-1.0,-1.0,-1.0,-1,-1.0,-1.0,-1.0,-1,-1.0,-1,-1.0,-1,-1.0,-1,-1.0,-1,-1.0,-1,-1.0,-1,0.8246350884437561,0.444,0.064,3,0.9234778881072998,0.528,0.068,3,-1,-1,-1,-1,0.9086960554122925,-1,1.02,1,-1,-1,-1,-1,-1.0,-1,-1.0,-1,-1.0,-1,-1.0,-1,-1.0,-1,-1.0,-1,-1.0,-1,-1.0,-1,-1,-1,-1,-1,-1,-1,-1,-1,-1,-1,-1,-1
98,2019,130,-1.0,-1,-1.0,-1,-1.0,-1,-1.0,-1,-1.0,-1,-1.0,-1,-1.0,-1,-1.0,-1,-1.0,-1,-1.0,-1,-1.0,-1,-1.0,-1,-1.0,-1,-1.0,-1,-1.0,-1,-1.0,-1,-1.0,-1.0,-1.0,-1,-1.0,-1.0,-1.0,-1,-1.0,-1,-1.0,-1,-1.0,-1.0,-1.0,-1,-1.0,-1.0,-1.0,-1,-1.0,-1,-1.0,-1,-1.0,-1,-1.0,-1,-1.0,-1.0,-1.0,-1,-1.0,-1.0,-1.0,-1,-1.0,-1.0,-1.0,-1,-1.0,-1.0,-1.0,-1,-1.0,-1.0,-1.0,-1,-1.0,-1,-1.0,-1,-1.0,-1,-1.0,-1,-1.0,-1,-1.0,-1,-1.0,-1.0,-1.0,-1,-1.0,-1.0,-1.0,-1,-1,-1,-1,-1,-1.0,-1,-1.0,-1,-1,-1,-1,-1,-1.0,-1,-1.0,-1,-1.0,-1,-1.0,-1,-1.0,-1,-1.0,-1,-1.0,-1,-1.0,-1,-1,-1,-1,-1,-1,-1,-1,-1,-1,-1,-1,-1
99,2019,140,-1.0,-1,-1.0,-1,-1.0,-1,-1.0,-1,-1.0,-1,-1.0,-1,-1.0,-1,-1.0,-1,-1.0,-1,-1.0,-1,-1.0,-1,-1.0,-1,-1.0,-1,-1.0,-1,-1.0,-1,-1.0,-1,-1.0,-1.0,-1.0,-1,-1.0,-1.0,-1.0,-1,-1.0,-1,-1.0,-1,-1.0,-1.0,-1.0,-1,-1.0,-1.0,-1.0,-1,-1.0,-1,-1.0,-1,-1.0,-1,-1.0,-1,-1.0,-1.0,-1.0,-1,-1.0,-1.0,-1.0,-1,-1.0,-1.0,-1.0,-1,-1.0,-1.0,-1.0,-1,-1.0,-1.0,-1.0,-1,-1.0,-1,-1.0,-1,-1.0,-1,-1.0,-1,-1.0,-1,-1.0,-1,-1.0,-1.0,-1.0,-1,-1.0,-1.0,-1.0,-1,-1,-1,-1,-1,-1.0,-1,-1.0,-1,-1,-1,-1,-1,-1.0,-1,-1.0,-1,-1.0,-1,-1.0,-1,-1.0,-1,-1.0,-1,-1.0,-1,-1.0,-1,-1,-1,-1,-1,-1,-1,-1,-1,-1,-1,-1,-1
100,2019,171,-1.0,-1,-1.0,-1,-1.0,-1,-1.0,-1,-1.0,-1,-1.0,-1,-1.0,-1,-1.0,-1,-1.0,-1,-1.0,-1,-1.0,-1,-1.0,-1,-1.0,-1,-1.0,-1,-1.0,-1,-1.0,-1,-1.0,-1.0,-1.0,-1,0.8793417437344181,0.708,0.064,1,-1.0,-1,-1.0,-1,-1.0,-1.0,-1.0,-1,-1.0,-1.0,-1.0,-1,-1.0,-1,-1.0,-1,-1.0,-1,-1.0,-1,-1.0,-1.0,-1.0,-1,-1.0,-1.0,-1.0,-1,-1.0,-1.0,-1.0,-1,-1.0,-1.0,-1.0,-1,-1.0,-1.0,-1.0,-1,-1.0,-1,-1.0,-1,-1.0,-1,-1.0,-1,-1.0,-1,-1.0,-1,-1.0,-1.0,-1.0,-1,-1.0,-1.0,-1.0,-1,-1,-1,-1,-1,-1.0,-1,-1.0,-1,-1,-1,-1,-1,-1.0,-1,-1.0,-1,-1.0,-1,-1.0,-1,-1.0,-1,-1.0,-1,-1.0,-1,-1.0,-1,-1,-1,-1,-1,-1,-1,-1,-1,-1,-1,-1,-1
101,2019,181,-1.0,-1,-1.0,-1,-1.0,-1,-1.0,-1,-1.0,-1,-1.0,-1,-1.0,-1,-1.0,-1,-1.0,-1,-1.0,-1,-1.0,-1,-1.0,-1,-1.0,-1,-1.0,-1,-1.0,-1,-1.0,-1,-1.0,-1.0,-1.0,-1,-1.0,-1.0,-1.0,-1,-1.0,-1,-1.0,-1,-1.0,-1.0,-1.0,-1,-1.0,-1.0,-1.0,-1,-1.0,-1,-1.0,-1,-1.0,-1,-1.0,-1,-1.0,-1.0,-1.0,-1,-1.0,-1.0,-1.0,-1,-1.0,-1.0,-1.0,-1,-1.0,-1.0,-1.0,-1,-1.0,-1.0,-1.0,-1,0.7645920913369704,-1,1.02,1,0.7756404688792863,-1,1.02,1,-1.0,-1,-1.0,-1,-1.0,-1.0,-1.0,-1,-1.0,-1.0,-1.0,-1,-1,-1,-1,-1,0.8911069078838884,-1,1.02,1,-1,-1,-1,-1,0.5958771428131328,-1,1.02,1,-1.0,-1,-1.0,-1,-1.0,-1,-1.0,-1,-1.0,-1,-1.0,-1,-1,-1,-1,-1,-1,-1,-1,-1,-1,-1,-1,-1
102,2019,201,-1.0,-1,-1.0,-1,0.6943786576585169,-1,1.02,1,-1.0,-1,-1.0,-1,-1.0,-1,-1.0,-1,-1.0,-1,-1.0,-1,0.9277359247207642,-1,1.02,1,-1.0,-1,-1.0,-1,-1.0,-1,-1.0,-1,0.9331474304199219,0.904,0.112,1,0.899845540523529,0.8,0.068,1,0.8890282632094886,-1,1.02,1,-1.0,-1.0,-1.0,-1,-1.0,-1.0,-1.0,-1,-1.0,-1,-1.0,-1,-1.0,-1,-1.0,-1,0.9144207239151001,0.916,0.032,1,0.9368059039115906,0.936,0.028,1,0.9251588255556812,0.94,0.084,1,-1.0,-1.0,-1.0,-1,-1.0,-1.0,-1.0,-1,0.8439328870365084,-1,1.02,1,-1.0,-1,-1.0,-1,-1.0,-1,-1.0,-1,0.8943747284964387,0.9,0.168,1,0.9193925261497498,0.912,0.092,1,-1,-1,-1,-1,0.935674786567688,-1,1.02,1,-1,-1,-1,-1,-1.0,-1,-1.0,-1,-1.0,-1,-1.0,-1,0.8877485559454986,-1,1.02,1,0.9108267354554144,-1,1.02,1,-1,-1,-1,-1,-1,-1,-1,-1,-1,-1,-1,-1
103,2019,283,0.8534908465710767,-1,1.02,1,0.6295052799401754,-1,1.02,1,0.7996534537799252,-1,1.02,1,-1.0,-1,-1.0,-1,-1.0,-1,-1.0,-1,0.9055936932563782,-1,1.02,1,-1.0,-1,-1.0,-1,0.8723624348640442,-1,1.02,1,0.924741268157959,0.604,0.16,1,0.906105142238797,0.624,0.1,1,-1.0,-1,-1.0,-1,-1.0,-1.0,-1.0,-1,0.9281272292137146,0.648,0.1,1,-1.0,-1,-1.0,-1,0.7638626427486025,-1,1.02,1,0.9442722201347351,0.756,0.096,1,0.9432082772254944,0.78,0.08,1,0.939818263053894,0.756,0.08,1,-1.0,-1.0,-1.0,-1,0.9212155601220765,0.628,0.088,1,-1.0,-1,-1.0,-1,-1.0,-1,-1.0,-1,0.8652964234352112,-1,1.02,1,0.8627883154770424,0.652,0.072,1,0.9331227540969849,0.716,0.08,1,-1,-1,-1,-1,0.9447692036628723,-1,1.02,1,-1,-1,-1,-1,-1.0,-1,-1.0,-1,0.7320785187735346,-1,1.02,1,-1.0,-1,-1.0,-1,-1.0,-1,-1.0,-1,-1,-1,-1,-1,-1,-1,-1,-1,-1,-1,-1,-1
104,2019,314,-1.0,-1,-1.0,-1,-1.0,-1,-1.0,-1,-1.0,-1,-1.0,-1,-1.0,-1,-1.0,-1,-1.0,-1,-1.0,-1,-1.0,-1,-1.0,-1,-1.0,-1,-1.0,-1,-1.0,-1,-1.0,-1,-1.0,-1.0,-1.0,-1,-1.0,-1.0,-1.0,-1,-1.0,-1,-1.0,-1,-1.0,-1.0,-1.0,-1,0.8392488956451416,0.376,0.22,1,-1.0,-1,-1.0,-1,-1.0,-1,-1.0,-1,-1.0,-1.0,-1.0,-1,-1.0,-1.0,-1.0,-1,-1.0,-1.0,-1.0,-1,-1.0,-1.0,-1.0,-1,-1.0,-1.0,-1.0,-1,-1.0,-1,-1.0,-1,-1.0,-1,-1.0,-1,-1.0,-1,-1.0,-1,-1.0,-1.0,-1.0,-1,-1.0,-1.0,-1.0,-1,-1,-1,-1,-1,-1.0,-1,-1.0,-1,-1,-1,-1,-1,-1.0,-1,-1.0,-1,-1.0,-1,-1.0,-1,-1.0,-1,-1.0,-1,-1.0,-1,-1.0,-1,-1,-1,-1,-1,-1,-1,-1,-1,-1,-1,-1,-1
105,2020,101,-1.0,-1,-1.0,-1,-1.0,-1,-1.0,-1,-1.0,-1,-1.0,-1,-1.0,-1,-1.0,-1,-1.0,-1,-1.0,-1,0.761194080848412,-1,1.02,1,0.7937347888946533,-1,1.02,1,-1.0,-1,-1.0,-1,-1.0,-1.0,-1.0,-1,0.7358310703112154,0.3,0.044,1,-1.0,-1,-1.0,-1,-1.0,-1.0,-1.0,-1,-1.0,-1.0,-1.0,-1,-1.0,-1,-1.0,-1,-1.0,-1,-1.0,-1,-1.0,-1.0,-1.0,-1,0.8547678956844537,0.52,0.032,1,0.8645010590553284,0.516,0.044,1,-1.0,-1.0,-1.0,-1,-1.0,-1.0,-1.0,-1,-1.0,-1,-1.0,-1,0.6713322230747768,-1,1.02,1,-1.0,-1,-1.0,-1,0.7525945696337469,0.42,0.032,1,0.8140092797568522,0.488,0.028,1,-1,-1,-1,-1,0.8174096422242414,-1,1.02,1,-1,-1,-1,-1,0.6193015234810966,-1,1.02,1,0.6202872998902363,-1,1.02,1,-1.0,-1,-1.0,-1,-1.0,-1,-1.0,-1,-1,-1,-1,-1,-1,-1,-1,-1,-1,-1,-1,-1
106,2020,101,-1.0,-1,-1.0,-1,-1.0,-1,-1.0,-1,-1.0,-1,-1.0,-1,-1.0,-1,-1.0,-1,-1.0,-1,-1.0,-1,-1.0,-1,-1.0,-1,-1.0,-1,-1.0,-1,-1.0,-1,-1.0,-1,-1.0,-1.0,-1.0,-1,-1.0,-1.0,-1.0,-1,-1.0,-1,-1.0,-1,-1.0,-1.0,-1.0,-1,-1.0,-1.0,-1.0,-1,-1.0,-1,-1.0,-1,-1.0,-1,-1.0,-1,-1.0,-1.0,-1.0,-1,0.8533253289502243,0.52,0.032,1,0.8581109046936035,0.516,0.044,1,-1.0,-1.0,-1.0,-1,-1.0,-1.0,-1.0,-1,-1.0,-1,-1.0,-1,0.6592703269326629,-1,1.02,1,0.7216983211451563,-1,1.02,1,0.7560053690900943,0.42,0.032,1,0.8125634275633713,0.488,0.028,1,-1,-1,-1,-1,0.8081534261186721,-1,1.02,1,-1,-1,-1,-1,-1.0,-1,-1.0,-1,-1.0,-1,-1.0,-1,-1.0,-1,-1.0,-1,-1.0,-1,-1.0,-1,-1,-1,-1,-1,-1,-1,-1,-1,-1,-1,-1,-1
